<?xml version = '1.0' encoding = 'UTF-8'?>
<graphics>
   <diagram optimizeLayout="false" fixedWidthSwimlanes="true" roundedPartnerlinks="true" centerZoom="true" validateOnLoad="true" confirmBeforeDelete="true" selectedPartnerLinkColor="49,105,198" swimlaneBackground="240,240,240" swimlaneDividerBackground="218,218,218" graphBackground="255,255,255" selectedBorderBackground="49,105,198" connectedPartnerLinkColor="204,204,255" connectablePartnerLinkColor="0,0,255" unconnectedPartnerLinkColor="192,192,192"/>
   <annotationfile/>
   <iconize/>
   <partnerlink_locations>
      <partnerlink name="PollXEOutbound" x="0" y="134" side="left"/>
      <partnerlink name="ListFromHpHcFiles" x="0" y="2037" side="left"/>
      <partnerlink name="GetDBData" x="1403" y="376" side="right"/>
      <partnerlink name="WriteFromHphc" x="1403" y="1939" side="right"/>
      <partnerlink name="RejectResponseFiles" x="1403" y="4025" side="right"/>
      <partnerlink name="UpdateDBData" x="1403" y="3333" side="right"/>
      <partnerlink name="WriteFTAXMLFromHphhc" x="1403" y="1629" side="right"/>
      <partnerlink name="SVCMonitorLog" x="1403" y="3829" side="right"/>
      <partnerlink name="WriteBusinessArc" x="1403" y="2602" side="right"/>
   </partnerlink_locations>
   <graph_layout viewport="34,0,1158,844" show_swimlanes="true">
      <layout_item collapsed="false" xpath="/process" type="process" showhandlers="true"/>
      <layout_item collapsed="false" xpath="/process/sequence" type="sequence"/>
      <layout_item collapsed="false" xpath="/process/sequence/scope" type="scope" showhandlers="true"/>
      <layout_item collapsed="false" xpath="/process/sequence/scope/faultHandlers/catchAll" type="catchall"/>
      <layout_item collapsed="false" xpath="/process/sequence/scope/sequence" type="sequence"/>
      <layout_item collapsed="false" xpath="/process/sequence/scope/sequence/scope" type="scope" showhandlers="true"/>
      <layout_item collapsed="false" xpath="/process/sequence/scope/sequence/scope/faultHandlers/catchAll" type="catchall"/>
      <layout_item collapsed="false" xpath="/process/sequence/scope/sequence/scope/sequence" type="sequence"/>
      <layout_item collapsed="false" xpath="/process/sequence/scope/sequence/if[1]/scope" type="scope" showhandlers="true"/>
      <layout_item collapsed="false" xpath="/process/sequence/scope/sequence/if[1]/scope/faultHandlers/catchAll" type="catchall"/>
      <layout_item collapsed="false" xpath="/process/sequence/scope/sequence/if[1]/scope/faultHandlers/catchAll/sequence" type="sequence"/>
      <layout_item collapsed="false" xpath="/process/sequence/scope/sequence/if[1]/scope/sequence" type="sequence"/>
      <layout_item collapsed="false" xpath="/process/sequence/scope/sequence/if[1]/scope/sequence/if[2]/sequence" type="sequence"/>
      <layout_item collapsed="false" xpath="/process/sequence/scope/sequence/if[1]/scope/sequence/if[3]/sequence" type="sequence"/>
      <layout_item collapsed="false" xpath="/process/sequence/scope/sequence/if[2]/sequence" type="sequence"/>
      <layout_item collapsed="false" xpath="/process/sequence/scope/sequence/if[2]/sequence/scope" type="scope" showhandlers="true"/>
      <layout_item collapsed="false" xpath="/process/sequence/scope/sequence/if[2]/sequence/scope/faultHandlers/catchAll" type="catchall"/>
      <layout_item collapsed="false" xpath="/process/sequence/scope/sequence/if[2]/sequence/scope/sequence" type="sequence"/>
      <layout_item collapsed="false" xpath="/process/sequence/scope/sequence/if[3]/sequence" type="sequence"/>
      <layout_item collapsed="false" xpath="/process/sequence/scope/sequence/if[3]/sequence/scope" type="scope" showhandlers="true"/>
      <layout_item collapsed="false" xpath="/process/sequence/scope/sequence/if[3]/sequence/scope/faultHandlers/catchAll" type="catchall"/>
      <layout_item collapsed="false" xpath="/process/sequence/scope/sequence/if[3]/sequence/scope/faultHandlers/catchAll/sequence" type="sequence"/>
      <layout_item collapsed="false" xpath="/process/sequence/scope/sequence/if[3]/sequence/scope/sequence" type="sequence"/>
      <layout_item collapsed="false" xpath="/process/sequence/if/sequence" type="sequence"/>
   </graph_layout>
   <bookmarks/>
</graphics>
