<?xml version = '1.0' encoding = 'UTF-8'?>
<Faults>
   <Fault>
      <severity>warning</severity>
      <loc>/*[namespace-uri()='http://docs.oasis-open.org/wsbpel/2.0/process/executable'][local-name()='process']/*[namespace-uri()='http://docs.oasis-open.org/wsbpel/2.0/process/executable'][local-name()='sequence'][@name='main']/*[namespace-uri()='http://docs.oasis-open.org/wsbpel/2.0/process/executable'][local-name()='forEach'][@name='ForEach']/*[namespace-uri()='http://docs.oasis-open.org/wsbpel/2.0/process/executable'][local-name()='scope'][@name='ForEach_Scope']/*[namespace-uri()='http://docs.oasis-open.org/wsbpel/2.0/process/executable'][local-name()='sequence'][@name='ForEach_Sequence']/*[namespace-uri()='http://docs.oasis-open.org/wsbpel/2.0/process/executable'][local-name()='assign'][@name='AssignCurrFileName']/*[namespace-uri()='http://docs.oasis-open.org/wsbpel/2.0/process/executable'][local-name()='copy']</loc>
      <line>394</line>
      <col/>
      <file>BPEL/InboundBatchFileAdapter.bpel</file>
      <name>BPEL/InboundBatchFileAdapter.bpel</name>
      <fix>Types must be compatible.</fix>
      <msg>The from-spec of "ns8:files" is not compatible with to-spec of "ns8:root"</msg>
   </Fault>
   <Fault>
      <severity>warning</severity>
      <loc>/*[namespace-uri()='http://docs.oasis-open.org/wsbpel/2.0/process/executable'][local-name()='process']/*[namespace-uri()='http://docs.oasis-open.org/wsbpel/2.0/process/executable'][local-name()='sequence'][@name='main']/*[namespace-uri()='http://docs.oasis-open.org/wsbpel/2.0/process/executable'][local-name()='forEach'][@name='ForEach']/*[namespace-uri()='http://docs.oasis-open.org/wsbpel/2.0/process/executable'][local-name()='scope'][@name='ForEach_Scope']/*[namespace-uri()='http://docs.oasis-open.org/wsbpel/2.0/process/executable'][local-name()='sequence'][@name='ForEach_Sequence']/*[namespace-uri()='http://docs.oasis-open.org/wsbpel/2.0/process/executable'][local-name()='sequence'][@name='If_FTA_FTP']/*[namespace-uri()='http://docs.oasis-open.org/wsbpel/2.0/process/executable'][local-name()='if'][@name='If']/*[namespace-uri()='http://docs.oasis-open.org/wsbpel/2.0/process/executable'][local-name()='sequence'][@name='NEHEN_FTP']/*[namespace-uri()='http://docs.oasis-open.org/wsbpel/2.0/process/executable'][local-name()='scope'][@name='inboundFTP']/*[namespace-uri()='http://docs.oasis-open.org/wsbpel/2.0/process/executable'][local-name()='sequence'][@name='inboundFTP']/*[namespace-uri()='http://docs.oasis-open.org/wsbpel/2.0/process/executable'][local-name()='scope'][@name='CopyAndArchive']/*[namespace-uri()='http://docs.oasis-open.org/wsbpel/2.0/process/executable'][local-name()='sequence'][@name='CopyAndArchive']/*[namespace-uri()='http://docs.oasis-open.org/wsbpel/2.0/process/executable'][local-name()='if'][@name='If']/*[namespace-uri()='http://docs.oasis-open.org/wsbpel/2.0/process/executable'][local-name()='sequence'][@name='HTRIO-FTA']/*[namespace-uri()='http://docs.oasis-open.org/wsbpel/2.0/process/executable'][local-name()='scope'][@name='CopyToFileShare1']/*[namespace-uri()='http://docs.oasis-open.org/wsbpel/2.0/process/executable'][local-name()='sequence'][@name='CopyToFileShare1']/*[namespace-uri()='http://docs.oasis-open.org/wsbpel/2.0/process/executable'][local-name()='scope'][@name='RenameFile']/*[namespace-uri()='http://docs.oasis-open.org/wsbpel/2.0/process/executable'][local-name()='sequence'][@name='RenameFile']/*[namespace-uri()='http://docs.oasis-open.org/wsbpel/2.0/process/executable'][local-name()='repeatUntil'][@name='RepeatUntilArchived']/*[namespace-uri()='http://docs.oasis-open.org/wsbpel/2.0/process/executable'][local-name()='sequence'][@name='RepeatUntilArchived']/*[namespace-uri()='http://docs.oasis-open.org/wsbpel/2.0/process/executable'][local-name()='assign'][@name='Assign6']/*[namespace-uri()='http://docs.oasis-open.org/wsbpel/2.0/process/executable'][local-name()='copy']</loc>
      <line>704</line>
      <col/>
      <file>BPEL/InboundBatchFileAdapter.bpel</file>
      <name>BPEL/InboundBatchFileAdapter.bpel</name>
      <fix>Types must be compatible.</fix>
      <msg>The from-spec of "xsd:string" is not compatible with to-spec of "ns11:Archive"</msg>
   </Fault>
   <Fault>
      <severity>warning</severity>
      <loc>/*[namespace-uri()='http://docs.oasis-open.org/wsbpel/2.0/process/executable'][local-name()='process']/*[namespace-uri()='http://docs.oasis-open.org/wsbpel/2.0/process/executable'][local-name()='sequence'][@name='main']/*[namespace-uri()='http://docs.oasis-open.org/wsbpel/2.0/process/executable'][local-name()='forEach'][@name='ForEach']/*[namespace-uri()='http://docs.oasis-open.org/wsbpel/2.0/process/executable'][local-name()='scope'][@name='ForEach_Scope']/*[namespace-uri()='http://docs.oasis-open.org/wsbpel/2.0/process/executable'][local-name()='sequence'][@name='ForEach_Sequence']/*[namespace-uri()='http://docs.oasis-open.org/wsbpel/2.0/process/executable'][local-name()='sequence'][@name='If_FTA_FTP']/*[namespace-uri()='http://docs.oasis-open.org/wsbpel/2.0/process/executable'][local-name()='if'][@name='If']/*[namespace-uri()='http://docs.oasis-open.org/wsbpel/2.0/process/executable'][local-name()='sequence'][@name='NEHEN_FTP']/*[namespace-uri()='http://docs.oasis-open.org/wsbpel/2.0/process/executable'][local-name()='scope'][@name='inboundFTP']/*[namespace-uri()='http://docs.oasis-open.org/wsbpel/2.0/process/executable'][local-name()='sequence'][@name='inboundFTP']/*[namespace-uri()='http://docs.oasis-open.org/wsbpel/2.0/process/executable'][local-name()='scope'][@name='CopyAndArchive']/*[namespace-uri()='http://docs.oasis-open.org/wsbpel/2.0/process/executable'][local-name()='sequence'][@name='CopyAndArchive']/*[namespace-uri()='http://docs.oasis-open.org/wsbpel/2.0/process/executable'][local-name()='if'][@name='If']/*[namespace-uri()='http://docs.oasis-open.org/wsbpel/2.0/process/executable'][local-name()='sequence'][@name='HTRIO-FTA']/*[namespace-uri()='http://docs.oasis-open.org/wsbpel/2.0/process/executable'][local-name()='scope'][@name='ArchiveMetaFile']/*[namespace-uri()='http://docs.oasis-open.org/wsbpel/2.0/process/executable'][local-name()='sequence'][@name='ArchiveMetaFile']/*[namespace-uri()='http://docs.oasis-open.org/wsbpel/2.0/process/executable'][local-name()='repeatUntil'][@name='RepeatUntilArchived']/*[namespace-uri()='http://docs.oasis-open.org/wsbpel/2.0/process/executable'][local-name()='sequence'][@name='RepeatUntilArchived']/*[namespace-uri()='http://docs.oasis-open.org/wsbpel/2.0/process/executable'][local-name()='assign'][@name='Assign6']/*[namespace-uri()='http://docs.oasis-open.org/wsbpel/2.0/process/executable'][local-name()='copy']</loc>
      <line>769</line>
      <col/>
      <file>BPEL/InboundBatchFileAdapter.bpel</file>
      <name>BPEL/InboundBatchFileAdapter.bpel</name>
      <fix>Types must be compatible.</fix>
      <msg>The from-spec of "xsd:string" is not compatible with to-spec of "ns11:Archive"</msg>
   </Fault>
   <Fault>
      <severity>warning</severity>
      <loc>/*[namespace-uri()='http://docs.oasis-open.org/wsbpel/2.0/process/executable'][local-name()='process']/*[namespace-uri()='http://docs.oasis-open.org/wsbpel/2.0/process/executable'][local-name()='sequence'][@name='main']/*[namespace-uri()='http://docs.oasis-open.org/wsbpel/2.0/process/executable'][local-name()='forEach'][@name='ForEach']/*[namespace-uri()='http://docs.oasis-open.org/wsbpel/2.0/process/executable'][local-name()='scope'][@name='ForEach_Scope']/*[namespace-uri()='http://docs.oasis-open.org/wsbpel/2.0/process/executable'][local-name()='sequence'][@name='ForEach_Sequence']/*[namespace-uri()='http://docs.oasis-open.org/wsbpel/2.0/process/executable'][local-name()='sequence'][@name='If_FTA_FTP']/*[namespace-uri()='http://docs.oasis-open.org/wsbpel/2.0/process/executable'][local-name()='if'][@name='If']/*[namespace-uri()='http://docs.oasis-open.org/wsbpel/2.0/process/executable'][local-name()='sequence'][@name='NEHEN_FTP']/*[namespace-uri()='http://docs.oasis-open.org/wsbpel/2.0/process/executable'][local-name()='scope'][@name='inboundFTP']/*[namespace-uri()='http://docs.oasis-open.org/wsbpel/2.0/process/executable'][local-name()='sequence'][@name='inboundFTP']/*[namespace-uri()='http://docs.oasis-open.org/wsbpel/2.0/process/executable'][local-name()='scope'][@name='CopyAndArchive']/*[namespace-uri()='http://docs.oasis-open.org/wsbpel/2.0/process/executable'][local-name()='sequence'][@name='CopyAndArchive']/*[namespace-uri()='http://docs.oasis-open.org/wsbpel/2.0/process/executable'][local-name()='if'][@name='If']/*[namespace-uri()='http://docs.oasis-open.org/wsbpel/2.0/process/executable'][local-name()='sequence'][@name='HTRIO-FTA']/*[namespace-uri()='http://docs.oasis-open.org/wsbpel/2.0/process/executable'][local-name()='scope'][@name='ArchiveTRIOEDIFile']/*[namespace-uri()='http://docs.oasis-open.org/wsbpel/2.0/process/executable'][local-name()='sequence'][@name='ArchiveTRIOEDIFile']/*[namespace-uri()='http://docs.oasis-open.org/wsbpel/2.0/process/executable'][local-name()='repeatUntil'][@name='RepeatUntilArchived']/*[namespace-uri()='http://docs.oasis-open.org/wsbpel/2.0/process/executable'][local-name()='sequence'][@name='RepeatUntilArchived']/*[namespace-uri()='http://docs.oasis-open.org/wsbpel/2.0/process/executable'][local-name()='assign'][@name='Assign6']/*[namespace-uri()='http://docs.oasis-open.org/wsbpel/2.0/process/executable'][local-name()='copy']</loc>
      <line>917</line>
      <col/>
      <file>BPEL/InboundBatchFileAdapter.bpel</file>
      <name>BPEL/InboundBatchFileAdapter.bpel</name>
      <fix>Types must be compatible.</fix>
      <msg>The from-spec of "xsd:string" is not compatible with to-spec of "ns11:Archive"</msg>
   </Fault>
   <Fault>
      <severity>warning</severity>
      <loc>/*[namespace-uri()='http://docs.oasis-open.org/wsbpel/2.0/process/executable'][local-name()='process']/*[namespace-uri()='http://docs.oasis-open.org/wsbpel/2.0/process/executable'][local-name()='sequence'][@name='main']/*[namespace-uri()='http://docs.oasis-open.org/wsbpel/2.0/process/executable'][local-name()='forEach'][@name='ForEach']/*[namespace-uri()='http://docs.oasis-open.org/wsbpel/2.0/process/executable'][local-name()='scope'][@name='ForEach_Scope']/*[namespace-uri()='http://docs.oasis-open.org/wsbpel/2.0/process/executable'][local-name()='sequence'][@name='ForEach_Sequence']/*[namespace-uri()='http://docs.oasis-open.org/wsbpel/2.0/process/executable'][local-name()='sequence'][@name='If_FTA_FTP']/*[namespace-uri()='http://docs.oasis-open.org/wsbpel/2.0/process/executable'][local-name()='if'][@name='If']/*[namespace-uri()='http://docs.oasis-open.org/wsbpel/2.0/process/executable'][local-name()='sequence'][@name='NEHEN_FTP']/*[namespace-uri()='http://docs.oasis-open.org/wsbpel/2.0/process/executable'][local-name()='scope'][@name='inboundFTP']/*[namespace-uri()='http://docs.oasis-open.org/wsbpel/2.0/process/executable'][local-name()='sequence'][@name='inboundFTP']/*[namespace-uri()='http://docs.oasis-open.org/wsbpel/2.0/process/executable'][local-name()='scope'][@name='CopyAndArchive']/*[namespace-uri()='http://docs.oasis-open.org/wsbpel/2.0/process/executable'][local-name()='sequence'][@name='CopyAndArchive']/*[namespace-uri()='http://docs.oasis-open.org/wsbpel/2.0/process/executable'][local-name()='if'][@name='If']/*[namespace-uri()='http://docs.oasis-open.org/wsbpel/2.0/process/executable'][local-name()='else']/*[namespace-uri()='http://docs.oasis-open.org/wsbpel/2.0/process/executable'][local-name()='sequence'][@name='Else']/*[namespace-uri()='http://docs.oasis-open.org/wsbpel/2.0/process/executable'][local-name()='scope'][@name='CopyToFileShare']/*[namespace-uri()='http://docs.oasis-open.org/wsbpel/2.0/process/executable'][local-name()='sequence'][@name='CopyToFileShare']/*[namespace-uri()='http://docs.oasis-open.org/wsbpel/2.0/process/executable'][local-name()='scope'][@name='RenameFile']/*[namespace-uri()='http://docs.oasis-open.org/wsbpel/2.0/process/executable'][local-name()='sequence'][@name='RenameFile']/*[namespace-uri()='http://docs.oasis-open.org/wsbpel/2.0/process/executable'][local-name()='repeatUntil'][@name='RepeatUntilArchived']/*[namespace-uri()='http://docs.oasis-open.org/wsbpel/2.0/process/executable'][local-name()='sequence'][@name='RepeatUntilArchived']/*[namespace-uri()='http://docs.oasis-open.org/wsbpel/2.0/process/executable'][local-name()='assign'][@name='Assign6']/*[namespace-uri()='http://docs.oasis-open.org/wsbpel/2.0/process/executable'][local-name()='copy']</loc>
      <line>1066</line>
      <col/>
      <file>BPEL/InboundBatchFileAdapter.bpel</file>
      <name>BPEL/InboundBatchFileAdapter.bpel</name>
      <fix>Types must be compatible.</fix>
      <msg>The from-spec of "xsd:string" is not compatible with to-spec of "ns11:Archive"</msg>
   </Fault>
   <Fault>
      <severity>warning</severity>
      <loc>/*[namespace-uri()='http://docs.oasis-open.org/wsbpel/2.0/process/executable'][local-name()='process']/*[namespace-uri()='http://docs.oasis-open.org/wsbpel/2.0/process/executable'][local-name()='sequence'][@name='main']/*[namespace-uri()='http://docs.oasis-open.org/wsbpel/2.0/process/executable'][local-name()='forEach'][@name='ForEach']/*[namespace-uri()='http://docs.oasis-open.org/wsbpel/2.0/process/executable'][local-name()='scope'][@name='ForEach_Scope']/*[namespace-uri()='http://docs.oasis-open.org/wsbpel/2.0/process/executable'][local-name()='sequence'][@name='ForEach_Sequence']/*[namespace-uri()='http://docs.oasis-open.org/wsbpel/2.0/process/executable'][local-name()='sequence'][@name='If_FTA_FTP']/*[namespace-uri()='http://docs.oasis-open.org/wsbpel/2.0/process/executable'][local-name()='if'][@name='If']/*[namespace-uri()='http://docs.oasis-open.org/wsbpel/2.0/process/executable'][local-name()='sequence'][@name='NEHEN_FTP']/*[namespace-uri()='http://docs.oasis-open.org/wsbpel/2.0/process/executable'][local-name()='scope'][@name='inboundFTP']/*[namespace-uri()='http://docs.oasis-open.org/wsbpel/2.0/process/executable'][local-name()='sequence'][@name='inboundFTP']/*[namespace-uri()='http://docs.oasis-open.org/wsbpel/2.0/process/executable'][local-name()='scope'][@name='CopyAndArchive']/*[namespace-uri()='http://docs.oasis-open.org/wsbpel/2.0/process/executable'][local-name()='sequence'][@name='CopyAndArchive']/*[namespace-uri()='http://docs.oasis-open.org/wsbpel/2.0/process/executable'][local-name()='if'][@name='If']/*[namespace-uri()='http://docs.oasis-open.org/wsbpel/2.0/process/executable'][local-name()='else']/*[namespace-uri()='http://docs.oasis-open.org/wsbpel/2.0/process/executable'][local-name()='sequence'][@name='Else']/*[namespace-uri()='http://docs.oasis-open.org/wsbpel/2.0/process/executable'][local-name()='scope'][@name='ArchiveFTPEDIFile']/*[namespace-uri()='http://docs.oasis-open.org/wsbpel/2.0/process/executable'][local-name()='sequence'][@name='ArchiveFTPEDIFile']/*[namespace-uri()='http://docs.oasis-open.org/wsbpel/2.0/process/executable'][local-name()='repeatUntil'][@name='RepeatUntilArchived']/*[namespace-uri()='http://docs.oasis-open.org/wsbpel/2.0/process/executable'][local-name()='sequence'][@name='RepeatUntilArchived']/*[namespace-uri()='http://docs.oasis-open.org/wsbpel/2.0/process/executable'][local-name()='assign'][@name='Assign6']/*[namespace-uri()='http://docs.oasis-open.org/wsbpel/2.0/process/executable'][local-name()='copy']</loc>
      <line>1218</line>
      <col/>
      <file>BPEL/InboundBatchFileAdapter.bpel</file>
      <name>BPEL/InboundBatchFileAdapter.bpel</name>
      <fix>Types must be compatible.</fix>
      <msg>The from-spec of "xsd:string" is not compatible with to-spec of "ns11:Archive"</msg>
   </Fault>
   <Fault>
      <severity>warning</severity>
      <loc>/*[namespace-uri()='http://docs.oasis-open.org/wsbpel/2.0/process/executable'][local-name()='process']/*[namespace-uri()='http://docs.oasis-open.org/wsbpel/2.0/process/executable'][local-name()='sequence'][@name='main']/*[namespace-uri()='http://docs.oasis-open.org/wsbpel/2.0/process/executable'][local-name()='forEach'][@name='ForEach']/*[namespace-uri()='http://docs.oasis-open.org/wsbpel/2.0/process/executable'][local-name()='scope'][@name='ForEach_Scope']/*[namespace-uri()='http://docs.oasis-open.org/wsbpel/2.0/process/executable'][local-name()='sequence'][@name='ForEach_Sequence']/*[namespace-uri()='http://docs.oasis-open.org/wsbpel/2.0/process/executable'][local-name()='sequence'][@name='If_FTA_FTP']/*[namespace-uri()='http://docs.oasis-open.org/wsbpel/2.0/process/executable'][local-name()='if'][@name='If']/*[namespace-uri()='http://docs.oasis-open.org/wsbpel/2.0/process/executable'][local-name()='else']/*[namespace-uri()='http://docs.oasis-open.org/wsbpel/2.0/process/executable'][local-name()='sequence'][@name='FTA']/*[namespace-uri()='http://docs.oasis-open.org/wsbpel/2.0/process/executable'][local-name()='scope'][@name='inboundFTA']/*[namespace-uri()='http://docs.oasis-open.org/wsbpel/2.0/process/executable'][local-name()='sequence'][@name='inboundFTA']/*[namespace-uri()='http://docs.oasis-open.org/wsbpel/2.0/process/executable'][local-name()='scope'][@name='CopyAndArchiveFTA']/*[namespace-uri()='http://docs.oasis-open.org/wsbpel/2.0/process/executable'][local-name()='sequence'][@name='CopyAndArchiveFTA']/*[namespace-uri()='http://docs.oasis-open.org/wsbpel/2.0/process/executable'][local-name()='if'][@name='If']/*[namespace-uri()='http://docs.oasis-open.org/wsbpel/2.0/process/executable'][local-name()='sequence'][@name='HTRIO-FTA']/*[namespace-uri()='http://docs.oasis-open.org/wsbpel/2.0/process/executable'][local-name()='scope'][@name='CopyToFileShare1']/*[namespace-uri()='http://docs.oasis-open.org/wsbpel/2.0/process/executable'][local-name()='sequence'][@name='CopyToFileShare1']/*[namespace-uri()='http://docs.oasis-open.org/wsbpel/2.0/process/executable'][local-name()='scope'][@name='RenameFile']/*[namespace-uri()='http://docs.oasis-open.org/wsbpel/2.0/process/executable'][local-name()='sequence'][@name='RenameFile']/*[namespace-uri()='http://docs.oasis-open.org/wsbpel/2.0/process/executable'][local-name()='repeatUntil'][@name='RepeatUntilArchived']/*[namespace-uri()='http://docs.oasis-open.org/wsbpel/2.0/process/executable'][local-name()='sequence'][@name='RepeatUntilArchived']/*[namespace-uri()='http://docs.oasis-open.org/wsbpel/2.0/process/executable'][local-name()='assign'][@name='Assign6']/*[namespace-uri()='http://docs.oasis-open.org/wsbpel/2.0/process/executable'][local-name()='copy']</loc>
      <line>1530</line>
      <col/>
      <file>BPEL/InboundBatchFileAdapter.bpel</file>
      <name>BPEL/InboundBatchFileAdapter.bpel</name>
      <fix>Types must be compatible.</fix>
      <msg>The from-spec of "xsd:string" is not compatible with to-spec of "ns11:Archive"</msg>
   </Fault>
   <Fault>
      <severity>warning</severity>
      <loc>/*[namespace-uri()='http://docs.oasis-open.org/wsbpel/2.0/process/executable'][local-name()='process']/*[namespace-uri()='http://docs.oasis-open.org/wsbpel/2.0/process/executable'][local-name()='sequence'][@name='main']/*[namespace-uri()='http://docs.oasis-open.org/wsbpel/2.0/process/executable'][local-name()='forEach'][@name='ForEach']/*[namespace-uri()='http://docs.oasis-open.org/wsbpel/2.0/process/executable'][local-name()='scope'][@name='ForEach_Scope']/*[namespace-uri()='http://docs.oasis-open.org/wsbpel/2.0/process/executable'][local-name()='sequence'][@name='ForEach_Sequence']/*[namespace-uri()='http://docs.oasis-open.org/wsbpel/2.0/process/executable'][local-name()='sequence'][@name='If_FTA_FTP']/*[namespace-uri()='http://docs.oasis-open.org/wsbpel/2.0/process/executable'][local-name()='if'][@name='If']/*[namespace-uri()='http://docs.oasis-open.org/wsbpel/2.0/process/executable'][local-name()='else']/*[namespace-uri()='http://docs.oasis-open.org/wsbpel/2.0/process/executable'][local-name()='sequence'][@name='FTA']/*[namespace-uri()='http://docs.oasis-open.org/wsbpel/2.0/process/executable'][local-name()='scope'][@name='inboundFTA']/*[namespace-uri()='http://docs.oasis-open.org/wsbpel/2.0/process/executable'][local-name()='sequence'][@name='inboundFTA']/*[namespace-uri()='http://docs.oasis-open.org/wsbpel/2.0/process/executable'][local-name()='scope'][@name='CopyAndArchiveFTA']/*[namespace-uri()='http://docs.oasis-open.org/wsbpel/2.0/process/executable'][local-name()='sequence'][@name='CopyAndArchiveFTA']/*[namespace-uri()='http://docs.oasis-open.org/wsbpel/2.0/process/executable'][local-name()='if'][@name='If']/*[namespace-uri()='http://docs.oasis-open.org/wsbpel/2.0/process/executable'][local-name()='sequence'][@name='HTRIO-FTA']/*[namespace-uri()='http://docs.oasis-open.org/wsbpel/2.0/process/executable'][local-name()='scope'][@name='ArchiveMetaFile']/*[namespace-uri()='http://docs.oasis-open.org/wsbpel/2.0/process/executable'][local-name()='sequence'][@name='ArchiveMetaFile']/*[namespace-uri()='http://docs.oasis-open.org/wsbpel/2.0/process/executable'][local-name()='repeatUntil'][@name='RepeatUntilArchived']/*[namespace-uri()='http://docs.oasis-open.org/wsbpel/2.0/process/executable'][local-name()='sequence'][@name='RepeatUntilArchived']/*[namespace-uri()='http://docs.oasis-open.org/wsbpel/2.0/process/executable'][local-name()='assign'][@name='Assign6']/*[namespace-uri()='http://docs.oasis-open.org/wsbpel/2.0/process/executable'][local-name()='copy']</loc>
      <line>1597</line>
      <col/>
      <file>BPEL/InboundBatchFileAdapter.bpel</file>
      <name>BPEL/InboundBatchFileAdapter.bpel</name>
      <fix>Types must be compatible.</fix>
      <msg>The from-spec of "xsd:string" is not compatible with to-spec of "ns11:Archive"</msg>
   </Fault>
   <Fault>
      <severity>warning</severity>
      <loc>/*[namespace-uri()='http://docs.oasis-open.org/wsbpel/2.0/process/executable'][local-name()='process']/*[namespace-uri()='http://docs.oasis-open.org/wsbpel/2.0/process/executable'][local-name()='sequence'][@name='main']/*[namespace-uri()='http://docs.oasis-open.org/wsbpel/2.0/process/executable'][local-name()='forEach'][@name='ForEach']/*[namespace-uri()='http://docs.oasis-open.org/wsbpel/2.0/process/executable'][local-name()='scope'][@name='ForEach_Scope']/*[namespace-uri()='http://docs.oasis-open.org/wsbpel/2.0/process/executable'][local-name()='sequence'][@name='ForEach_Sequence']/*[namespace-uri()='http://docs.oasis-open.org/wsbpel/2.0/process/executable'][local-name()='sequence'][@name='If_FTA_FTP']/*[namespace-uri()='http://docs.oasis-open.org/wsbpel/2.0/process/executable'][local-name()='if'][@name='If']/*[namespace-uri()='http://docs.oasis-open.org/wsbpel/2.0/process/executable'][local-name()='else']/*[namespace-uri()='http://docs.oasis-open.org/wsbpel/2.0/process/executable'][local-name()='sequence'][@name='FTA']/*[namespace-uri()='http://docs.oasis-open.org/wsbpel/2.0/process/executable'][local-name()='scope'][@name='inboundFTA']/*[namespace-uri()='http://docs.oasis-open.org/wsbpel/2.0/process/executable'][local-name()='sequence'][@name='inboundFTA']/*[namespace-uri()='http://docs.oasis-open.org/wsbpel/2.0/process/executable'][local-name()='scope'][@name='CopyAndArchiveFTA']/*[namespace-uri()='http://docs.oasis-open.org/wsbpel/2.0/process/executable'][local-name()='sequence'][@name='CopyAndArchiveFTA']/*[namespace-uri()='http://docs.oasis-open.org/wsbpel/2.0/process/executable'][local-name()='if'][@name='If']/*[namespace-uri()='http://docs.oasis-open.org/wsbpel/2.0/process/executable'][local-name()='sequence'][@name='HTRIO-FTA']/*[namespace-uri()='http://docs.oasis-open.org/wsbpel/2.0/process/executable'][local-name()='scope'][@name='ArchiveTRIOEDIFile']/*[namespace-uri()='http://docs.oasis-open.org/wsbpel/2.0/process/executable'][local-name()='sequence'][@name='ArchiveTRIOEDIFile']/*[namespace-uri()='http://docs.oasis-open.org/wsbpel/2.0/process/executable'][local-name()='repeatUntil'][@name='RepeatUntilArchived']/*[namespace-uri()='http://docs.oasis-open.org/wsbpel/2.0/process/executable'][local-name()='sequence'][@name='RepeatUntilArchived']/*[namespace-uri()='http://docs.oasis-open.org/wsbpel/2.0/process/executable'][local-name()='assign'][@name='Assign6']/*[namespace-uri()='http://docs.oasis-open.org/wsbpel/2.0/process/executable'][local-name()='copy']</loc>
      <line>1747</line>
      <col/>
      <file>BPEL/InboundBatchFileAdapter.bpel</file>
      <name>BPEL/InboundBatchFileAdapter.bpel</name>
      <fix>Types must be compatible.</fix>
      <msg>The from-spec of "xsd:string" is not compatible with to-spec of "ns11:Archive"</msg>
   </Fault>
   <Fault>
      <severity>warning</severity>
      <loc>/*[namespace-uri()='http://docs.oasis-open.org/wsbpel/2.0/process/executable'][local-name()='process']/*[namespace-uri()='http://docs.oasis-open.org/wsbpel/2.0/process/executable'][local-name()='sequence'][@name='main']/*[namespace-uri()='http://docs.oasis-open.org/wsbpel/2.0/process/executable'][local-name()='forEach'][@name='ForEach']/*[namespace-uri()='http://docs.oasis-open.org/wsbpel/2.0/process/executable'][local-name()='scope'][@name='ForEach_Scope']/*[namespace-uri()='http://docs.oasis-open.org/wsbpel/2.0/process/executable'][local-name()='sequence'][@name='ForEach_Sequence']/*[namespace-uri()='http://docs.oasis-open.org/wsbpel/2.0/process/executable'][local-name()='sequence'][@name='If_FTA_FTP']/*[namespace-uri()='http://docs.oasis-open.org/wsbpel/2.0/process/executable'][local-name()='if'][@name='If']/*[namespace-uri()='http://docs.oasis-open.org/wsbpel/2.0/process/executable'][local-name()='else']/*[namespace-uri()='http://docs.oasis-open.org/wsbpel/2.0/process/executable'][local-name()='sequence'][@name='FTA']/*[namespace-uri()='http://docs.oasis-open.org/wsbpel/2.0/process/executable'][local-name()='scope'][@name='inboundFTA']/*[namespace-uri()='http://docs.oasis-open.org/wsbpel/2.0/process/executable'][local-name()='sequence'][@name='inboundFTA']/*[namespace-uri()='http://docs.oasis-open.org/wsbpel/2.0/process/executable'][local-name()='scope'][@name='CopyAndArchiveFTA']/*[namespace-uri()='http://docs.oasis-open.org/wsbpel/2.0/process/executable'][local-name()='sequence'][@name='CopyAndArchiveFTA']/*[namespace-uri()='http://docs.oasis-open.org/wsbpel/2.0/process/executable'][local-name()='if'][@name='If']/*[namespace-uri()='http://docs.oasis-open.org/wsbpel/2.0/process/executable'][local-name()='else']/*[namespace-uri()='http://docs.oasis-open.org/wsbpel/2.0/process/executable'][local-name()='sequence'][@name='Else']/*[namespace-uri()='http://docs.oasis-open.org/wsbpel/2.0/process/executable'][local-name()='scope'][@name='CopyToFileShare']/*[namespace-uri()='http://docs.oasis-open.org/wsbpel/2.0/process/executable'][local-name()='sequence'][@name='CopyToFileShare']/*[namespace-uri()='http://docs.oasis-open.org/wsbpel/2.0/process/executable'][local-name()='scope'][@name='RenameFile']/*[namespace-uri()='http://docs.oasis-open.org/wsbpel/2.0/process/executable'][local-name()='sequence'][@name='RenameFile']/*[namespace-uri()='http://docs.oasis-open.org/wsbpel/2.0/process/executable'][local-name()='repeatUntil'][@name='RepeatUntilArchived']/*[namespace-uri()='http://docs.oasis-open.org/wsbpel/2.0/process/executable'][local-name()='sequence'][@name='RepeatUntilArchived']/*[namespace-uri()='http://docs.oasis-open.org/wsbpel/2.0/process/executable'][local-name()='assign'][@name='Assign6']/*[namespace-uri()='http://docs.oasis-open.org/wsbpel/2.0/process/executable'][local-name()='copy']</loc>
      <line>1897</line>
      <col/>
      <file>BPEL/InboundBatchFileAdapter.bpel</file>
      <name>BPEL/InboundBatchFileAdapter.bpel</name>
      <fix>Types must be compatible.</fix>
      <msg>The from-spec of "xsd:string" is not compatible with to-spec of "ns11:Archive"</msg>
   </Fault>
   <Fault>
      <severity>warning</severity>
      <loc>/*[namespace-uri()='http://docs.oasis-open.org/wsbpel/2.0/process/executable'][local-name()='process']/*[namespace-uri()='http://docs.oasis-open.org/wsbpel/2.0/process/executable'][local-name()='sequence'][@name='main']/*[namespace-uri()='http://docs.oasis-open.org/wsbpel/2.0/process/executable'][local-name()='forEach'][@name='ForEach']/*[namespace-uri()='http://docs.oasis-open.org/wsbpel/2.0/process/executable'][local-name()='scope'][@name='ForEach_Scope']/*[namespace-uri()='http://docs.oasis-open.org/wsbpel/2.0/process/executable'][local-name()='sequence'][@name='ForEach_Sequence']/*[namespace-uri()='http://docs.oasis-open.org/wsbpel/2.0/process/executable'][local-name()='sequence'][@name='If_FTA_FTP']/*[namespace-uri()='http://docs.oasis-open.org/wsbpel/2.0/process/executable'][local-name()='if'][@name='If']/*[namespace-uri()='http://docs.oasis-open.org/wsbpel/2.0/process/executable'][local-name()='else']/*[namespace-uri()='http://docs.oasis-open.org/wsbpel/2.0/process/executable'][local-name()='sequence'][@name='FTA']/*[namespace-uri()='http://docs.oasis-open.org/wsbpel/2.0/process/executable'][local-name()='scope'][@name='inboundFTA']/*[namespace-uri()='http://docs.oasis-open.org/wsbpel/2.0/process/executable'][local-name()='sequence'][@name='inboundFTA']/*[namespace-uri()='http://docs.oasis-open.org/wsbpel/2.0/process/executable'][local-name()='scope'][@name='CopyAndArchiveFTA']/*[namespace-uri()='http://docs.oasis-open.org/wsbpel/2.0/process/executable'][local-name()='sequence'][@name='CopyAndArchiveFTA']/*[namespace-uri()='http://docs.oasis-open.org/wsbpel/2.0/process/executable'][local-name()='if'][@name='If']/*[namespace-uri()='http://docs.oasis-open.org/wsbpel/2.0/process/executable'][local-name()='else']/*[namespace-uri()='http://docs.oasis-open.org/wsbpel/2.0/process/executable'][local-name()='sequence'][@name='Else']/*[namespace-uri()='http://docs.oasis-open.org/wsbpel/2.0/process/executable'][local-name()='scope'][@name='ArchiveFTPEDIFile']/*[namespace-uri()='http://docs.oasis-open.org/wsbpel/2.0/process/executable'][local-name()='sequence'][@name='ArchiveFTPEDIFile']/*[namespace-uri()='http://docs.oasis-open.org/wsbpel/2.0/process/executable'][local-name()='repeatUntil'][@name='RepeatUntilArchived']/*[namespace-uri()='http://docs.oasis-open.org/wsbpel/2.0/process/executable'][local-name()='sequence'][@name='RepeatUntilArchived']/*[namespace-uri()='http://docs.oasis-open.org/wsbpel/2.0/process/executable'][local-name()='assign'][@name='Assign6']/*[namespace-uri()='http://docs.oasis-open.org/wsbpel/2.0/process/executable'][local-name()='copy']</loc>
      <line>2049</line>
      <col/>
      <file>BPEL/InboundBatchFileAdapter.bpel</file>
      <name>BPEL/InboundBatchFileAdapter.bpel</name>
      <fix>Types must be compatible.</fix>
      <msg>The from-spec of "xsd:string" is not compatible with to-spec of "ns11:Archive"</msg>
   </Fault>
</Faults>
