<?xml version="1.0" encoding="UTF-8"?>
<dgm:gDiagram xmlns:dgm="http://xmlns.oracle.com/sca/soadgm">
    <dgm:gService name="bpelprocess1_client_ep">
        <dgm:body borderWidth="2" arcRad="20" X="21" Y="417" width="137" height="54">
            <dgm:borderColor r="153" g="153" b="153"/>
            <dgm:bgColor r="255" g="255" b="255"/>
        </dgm:body>
        <dgm:shadow arcRad="20" X="11" Y="410" width="156" height="68">
            <dgm:bgColor r="196" g="228" b="240"/>
        </dgm:shadow>
        <dgm:outputPort name="bpelprocess1_client_ep" X="127" Y="0" diameter="20" imageURI="oracle/tip/tools/ide/fabric/resource/image/visuals_rd1/servicereference.png" interface="http://xmlns.oracle.com/IESN_BatchFileAdapter_27XApplication1/Test/BPELProcess1#wsdl.interface(BPELProcess1)" callbackInterface="http://xmlns.oracle.com/IESN_BatchFileAdapter_27XApplication1/Test/BPELProcess1#wsdl.interface(BPELProcess1Callback)"/>
        <dgm:nodeIcon URI="/oracle/tip/tools/ide/adapters/designtime/adapter/images/soap_service_20x20.png" X="7" Y="4" width="20" height="20"/>
        <dgm:operations/>
    </dgm:gService>
    <dgm:gReference name="ReadFile">
        <dgm:body borderWidth="2" arcRad="20" X="907" Y="26" width="136" height="84">
            <dgm:borderColor r="153" g="153" b="153"/>
            <dgm:bgColor r="255" g="255" b="255"/>
        </dgm:body>
        <dgm:shadow arcRad="20" X="897" Y="19" width="156" height="98">
            <dgm:bgColor r="196" g="228" b="240"/>
        </dgm:shadow>
        <dgm:inputPort name="ReadFile" X="-10" Y="0" diameter="20" imageURI="oracle/tip/tools/ide/fabric/resource/image/visuals_rd1/servicereference.png" interface="http://xmlns.oracle.com/pcbpel/adapter/file/JavaFunction/Test/ReadFile#wsdl.interface(SynchRead_ptt)"/>
        <dgm:nodeIcon URI="/oracle/tip/tools/ide/adapters/designtime/adapter/images/file_adapter_20x20.png" X="27" Y="4" width="20" height="20"/>
        <dgm:operations>
            <dgm:item>SynchRead</dgm:item>
        </dgm:operations>
    </dgm:gReference>
    <dgm:gReference name="CreateFromHPHCDirectory">
        <dgm:body borderWidth="2" arcRad="20" X="907" Y="144" width="136" height="84">
            <dgm:borderColor r="153" g="153" b="153"/>
            <dgm:bgColor r="255" g="255" b="255"/>
        </dgm:body>
        <dgm:shadow arcRad="20" X="897" Y="137" width="156" height="98">
            <dgm:bgColor r="196" g="228" b="240"/>
        </dgm:shadow>
        <dgm:inputPort name="CreateFromHPHCDirectory" X="-10" Y="0" diameter="20" imageURI="oracle/tip/tools/ide/fabric/resource/image/visuals_rd1/servicereference.png" interface="http://xmlns.oracle.com/pcbpel/adapter/file/JavaFunction/BatchFileAdapter2/CreateFromHPHCDirectory#wsdl.interface(Write_ptt)"/>
        <dgm:nodeIcon URI="/oracle/tip/tools/ide/adapters/designtime/adapter/images/file_adapter_20x20.png" X="27" Y="4" width="20" height="20"/>
        <dgm:operations>
            <dgm:item>Write</dgm:item>
        </dgm:operations>
    </dgm:gReference>
    <dgm:gReference name="CopyFile">
        <dgm:body borderWidth="2" arcRad="20" X="907" Y="262" width="136" height="84">
            <dgm:borderColor r="153" g="153" b="153"/>
            <dgm:bgColor r="255" g="255" b="255"/>
        </dgm:body>
        <dgm:shadow arcRad="20" X="897" Y="255" width="156" height="98">
            <dgm:bgColor r="196" g="228" b="240"/>
        </dgm:shadow>
        <dgm:inputPort name="CopyFile" X="-10" Y="0" diameter="20" imageURI="oracle/tip/tools/ide/fabric/resource/image/visuals_rd1/servicereference.png" interface="http://xmlns.oracle.com/pcbpel/adapter/file/JavaFunction/BatchFileAdapter2/CopyFile#wsdl.interface(Write_ptt)"/>
        <dgm:nodeIcon URI="/oracle/tip/tools/ide/adapters/designtime/adapter/images/file_adapter_20x20.png" X="27" Y="4" width="20" height="20"/>
        <dgm:operations>
            <dgm:item>Write</dgm:item>
        </dgm:operations>
    </dgm:gReference>
    <dgm:gReference name="RenameFile">
        <dgm:body borderWidth="2" arcRad="20" X="907" Y="380" width="136" height="84">
            <dgm:borderColor r="153" g="153" b="153"/>
            <dgm:bgColor r="255" g="255" b="255"/>
        </dgm:body>
        <dgm:shadow arcRad="20" X="897" Y="373" width="156" height="98">
            <dgm:bgColor r="196" g="228" b="240"/>
        </dgm:shadow>
        <dgm:inputPort name="RenameFile" X="-10" Y="0" diameter="20" imageURI="oracle/tip/tools/ide/fabric/resource/image/visuals_rd1/servicereference.png" interface="http://xmlns.oracle.com/pcbpel/adapter/file/JavaFunction/BatchFileAdapter2/RenameFile#wsdl.interface(Write_ptt)"/>
        <dgm:nodeIcon URI="/oracle/tip/tools/ide/adapters/designtime/adapter/images/file_adapter_20x20.png" X="27" Y="4" width="20" height="20"/>
        <dgm:operations>
            <dgm:item>Write</dgm:item>
        </dgm:operations>
    </dgm:gReference>
    <dgm:gReference name="WriteFile">
        <dgm:body borderWidth="2" arcRad="20" X="907" Y="498" width="136" height="84">
            <dgm:borderColor r="153" g="153" b="153"/>
            <dgm:bgColor r="255" g="255" b="255"/>
        </dgm:body>
        <dgm:shadow arcRad="20" X="897" Y="491" width="156" height="98">
            <dgm:bgColor r="196" g="228" b="240"/>
        </dgm:shadow>
        <dgm:inputPort name="WriteFile" X="-10" Y="0" diameter="20" imageURI="oracle/tip/tools/ide/fabric/resource/image/visuals_rd1/servicereference.png" interface="http://xmlns.oracle.com/pcbpel/adapter/file/JavaFunction/BatchFileAdapter4/WriteFile#wsdl.interface(Write_ptt)"/>
        <dgm:nodeIcon URI="/oracle/tip/tools/ide/adapters/designtime/adapter/images/file_adapter_20x20.png" X="27" Y="4" width="20" height="20"/>
        <dgm:operations>
            <dgm:item>Write</dgm:item>
        </dgm:operations>
    </dgm:gReference>
    <dgm:gReference name="WriteToDB">
        <dgm:body borderWidth="2" arcRad="20" X="907" Y="616" width="136" height="84">
            <dgm:borderColor r="153" g="153" b="153"/>
            <dgm:bgColor r="255" g="255" b="255"/>
        </dgm:body>
        <dgm:shadow arcRad="20" X="897" Y="609" width="156" height="98">
            <dgm:bgColor r="196" g="228" b="240"/>
        </dgm:shadow>
        <dgm:inputPort name="WriteToDB" X="-10" Y="0" diameter="20" imageURI="oracle/tip/tools/ide/fabric/resource/image/visuals_rd1/servicereference.png" interface="http://xmlns.oracle.com/pcbpel/adapter/db/JavaFunction/BatchFileAdapter4/WriteToDB#wsdl.interface(WriteToDB_ptt)"/>
        <dgm:nodeIcon URI="/oracle/tip/tools/ide/adapters/designtime/adapter/images/db_adapter_20x20.png" X="27" Y="4" width="20" height="20"/>
        <dgm:operations>
            <dgm:item>insert</dgm:item>
        </dgm:operations>
    </dgm:gReference>
    <dgm:gReference name="ReadMetaFile">
        <dgm:body borderWidth="2" arcRad="20" X="907" Y="734" width="136" height="84">
            <dgm:borderColor r="153" g="153" b="153"/>
            <dgm:bgColor r="255" g="255" b="255"/>
        </dgm:body>
        <dgm:shadow arcRad="20" X="897" Y="727" width="156" height="98">
            <dgm:bgColor r="196" g="228" b="240"/>
        </dgm:shadow>
        <dgm:inputPort name="ReadMetaFile" X="-10" Y="0" diameter="20" imageURI="oracle/tip/tools/ide/fabric/resource/image/visuals_rd1/servicereference.png" interface="http://xmlns.oracle.com/pcbpel/adapter/file/JavaFunction/BatchFileAdapter4/ReadMetaFile#wsdl.interface(SynchRead_ptt)"/>
        <dgm:nodeIcon URI="/oracle/tip/tools/ide/adapters/designtime/adapter/images/file_adapter_20x20.png" X="27" Y="4" width="20" height="20"/>
        <dgm:operations>
            <dgm:item>SynchRead</dgm:item>
        </dgm:operations>
    </dgm:gReference>
    <dgm:gReference name="SVCMonitoring">
        <dgm:body borderWidth="2" arcRad="20" X="907" Y="852" width="136" height="84">
            <dgm:borderColor r="153" g="153" b="153"/>
            <dgm:bgColor r="255" g="255" b="255"/>
        </dgm:body>
        <dgm:shadow arcRad="20" X="897" Y="845" width="156" height="98">
            <dgm:bgColor r="196" g="228" b="240"/>
        </dgm:shadow>
        <dgm:inputPort name="SVCMonitoring" X="-10" Y="0" diameter="20" imageURI="oracle/tip/tools/ide/fabric/resource/image/visuals_rd1/servicereference.png" interface="http://hphc.org/common/wsdl/ServiceMonitor/V1#wsdl.interface(ServiceMonitoringPort)"/>
        <dgm:nodeIcon URI="/oracle/tip/tools/ide/adapters/designtime/adapter/images/soap_service_20x20.png" X="27" Y="4" width="20" height="20"/>
        <dgm:operations>
            <dgm:item>SvcMonitor</dgm:item>
        </dgm:operations>
    </dgm:gReference>
    <dgm:gComponent name="BPELProcess1">
        <dgm:body borderWidth="2" arcRad="20" X="321" Y="402" width="130" height="261">
            <dgm:borderColor r="69" g="113" b="140"/>
            <dgm:lightBgColor r="166" g="208" b="230"/>
            <dgm:darkBgColor r="99" g="162" b="201"/>
        </dgm:body>
        <dgm:shadow arcRad="20" X="311" Y="395" width="150" height="277">
            <dgm:bgColor r="196" g="228" b="240"/>
        </dgm:shadow>
        <dgm:inputPort name="bpelprocess1_client" X="-10" Y="15" diameter="20" imageURI="oracle/tip/tools/ide/fabric/resource/image/visuals_rd1/servicereference.png" interface="http://xmlns.oracle.com/IESN_BatchFileAdapter_27XApplication1/Test/BPELProcess1#wsdl.interface(BPELProcess1)" callbackInterface="http://xmlns.oracle.com/IESN_BatchFileAdapter_27XApplication1/Test/BPELProcess1#wsdl.interface(BPELProcess1Callback)"/>
        <dgm:outputPort name="ReadFile" X="120" Y="15" diameter="20" imageURI="oracle/tip/tools/ide/fabric/resource/image/visuals_rd1/servicereference.png" interface="http://xmlns.oracle.com/pcbpel/adapter/file/JavaFunction/Test/ReadFile#wsdl.interface(SynchRead_ptt)"/>
        <dgm:outputPort name="CreateFromHPHCDirectory" X="120" Y="40" diameter="20" imageURI="oracle/tip/tools/ide/fabric/resource/image/visuals_rd1/servicereference.png" interface="http://xmlns.oracle.com/pcbpel/adapter/file/JavaFunction/BatchFileAdapter2/CreateFromHPHCDirectory#wsdl.interface(Write_ptt)"/>
        <dgm:outputPort name="CopyFile" X="120" Y="65" diameter="20" imageURI="oracle/tip/tools/ide/fabric/resource/image/visuals_rd1/servicereference.png" interface="http://xmlns.oracle.com/pcbpel/adapter/file/JavaFunction/BatchFileAdapter2/CopyFile#wsdl.interface(Write_ptt)"/>
        <dgm:outputPort name="RenameFile" X="120" Y="90" diameter="20" imageURI="oracle/tip/tools/ide/fabric/resource/image/visuals_rd1/servicereference.png" interface="http://xmlns.oracle.com/pcbpel/adapter/file/JavaFunction/BatchFileAdapter2/RenameFile#wsdl.interface(Write_ptt)"/>
        <dgm:outputPort name="WriteFile" X="120" Y="115" diameter="20" imageURI="oracle/tip/tools/ide/fabric/resource/image/visuals_rd1/servicereference.png" interface="http://xmlns.oracle.com/pcbpel/adapter/file/JavaFunction/BatchFileAdapter4/WriteFile#wsdl.interface(Write_ptt)"/>
        <dgm:outputPort name="WriteToDB" X="120" Y="140" diameter="20" imageURI="oracle/tip/tools/ide/fabric/resource/image/visuals_rd1/servicereference.png" interface="http://xmlns.oracle.com/pcbpel/adapter/db/JavaFunction/BatchFileAdapter4/WriteToDB#wsdl.interface(WriteToDB_ptt)"/>
        <dgm:outputPort name="ReadMetaFile" X="120" Y="165" diameter="20" imageURI="oracle/tip/tools/ide/fabric/resource/image/visuals_rd1/servicereference.png" interface="http://xmlns.oracle.com/pcbpel/adapter/file/JavaFunction/BatchFileAdapter4/ReadMetaFile#wsdl.interface(SynchRead_ptt)"/>
        <dgm:outputPort name="SVCMonitoring" X="120" Y="190" diameter="20" imageURI="oracle/tip/tools/ide/fabric/resource/image/visuals_rd1/servicereference.png" interface="http://hphc.org/common/wsdl/ServiceMonitor/V1#wsdl.interface(ServiceMonitoringPort)"/>
        <dgm:outputPort name="listFilesInFolders.test" X="120" Y="215" diameter="20" imageURI="oracle/tip/tools/ide/fabric/resource/image/visuals_rd1/servicereference.png" interface="http://listFiles.CommonProcesses/#wsdl.interface(IlistFilesInFolders)"/>
        <dgm:nodeIcon URI="/oracle/tip/tools/ide/bpel/shared/plugins/resources/images/soa/process_20x20.png" X="10" Y="4" width="20" height="20"/>
    </dgm:gComponent>
    <dgm:gComponent name="listFilesInFolders">
        <dgm:body borderWidth="2" arcRad="20" X="614" Y="922" width="130" height="61">
            <dgm:borderColor r="134" g="135" b="142"/>
            <dgm:lightBgColor r="231" g="231" b="234"/>
            <dgm:darkBgColor r="192" g="194" b="203"/>
        </dgm:body>
        <dgm:shadow arcRad="20" X="604" Y="915" width="150" height="77">
            <dgm:bgColor r="196" g="228" b="240"/>
        </dgm:shadow>
        <dgm:inputPort name="test" X="-10" Y="15" diameter="20" imageURI="oracle/tip/tools/ide/fabric/resource/image/visuals_rd1/servicereference.png" interface="CommonProcesses.listFiles.IlistFilesInFolders"/>
        <dgm:nodeIcon URI="/oracle/tip/tools/ide/spring/sca/images/springcomponenticon_dia.png" X="10" Y="4" width="20" height="20"/>
    </dgm:gComponent>
    <dgm:gWireLink source="bpelprocess1_client_ep" target="BPELProcess1/bpelprocess1_client" width="2">
        <dgm:gSegment X1="168" Y1="427" X2="311" Y2="427"/>
        <dgm:baseColor r="153" g="153" b="153"/>
        <dgm:selectedColor r="49" g="106" b="196"/>
    </dgm:gWireLink>
    <dgm:gWireLink source="BPELProcess1/ReadFile" target="ReadFile" width="2">
        <dgm:gSegment X1="461" Y1="427" X2="485" Y2="427"/>
        <dgm:gSegment X1="485" Y1="427" X2="485" Y2="36"/>
        <dgm:gSegment X1="485" Y1="36" X2="897" Y2="36"/>
        <dgm:baseColor r="153" g="153" b="153"/>
        <dgm:selectedColor r="49" g="106" b="196"/>
    </dgm:gWireLink>
    <dgm:gWireLink source="BPELProcess1/CreateFromHPHCDirectory" target="CreateFromHPHCDirectory" width="2">
        <dgm:gSegment X1="461" Y1="452" X2="500" Y2="452"/>
        <dgm:gSegment X1="500" Y1="452" X2="500" Y2="154"/>
        <dgm:gSegment X1="500" Y1="154" X2="897" Y2="154"/>
        <dgm:baseColor r="153" g="153" b="153"/>
        <dgm:selectedColor r="49" g="106" b="196"/>
    </dgm:gWireLink>
    <dgm:gWireLink source="BPELProcess1/CopyFile" target="CopyFile" width="2">
        <dgm:gSegment X1="461" Y1="477" X2="515" Y2="477"/>
        <dgm:gSegment X1="515" Y1="477" X2="515" Y2="272"/>
        <dgm:gSegment X1="515" Y1="272" X2="897" Y2="272"/>
        <dgm:baseColor r="153" g="153" b="153"/>
        <dgm:selectedColor r="49" g="106" b="196"/>
    </dgm:gWireLink>
    <dgm:gWireLink source="BPELProcess1/RenameFile" target="RenameFile" width="2">
        <dgm:gSegment X1="461" Y1="502" X2="530" Y2="502"/>
        <dgm:gSegment X1="530" Y1="502" X2="530" Y2="390"/>
        <dgm:gSegment X1="530" Y1="390" X2="897" Y2="390"/>
        <dgm:baseColor r="153" g="153" b="153"/>
        <dgm:selectedColor r="49" g="106" b="196"/>
    </dgm:gWireLink>
    <dgm:gWireLink source="BPELProcess1/WriteFile" target="WriteFile" width="2">
        <dgm:gSegment X1="461" Y1="527" X2="545" Y2="527"/>
        <dgm:gSegment X1="545" Y1="527" X2="545" Y2="508"/>
        <dgm:gSegment X1="545" Y1="508" X2="897" Y2="508"/>
        <dgm:baseColor r="153" g="153" b="153"/>
        <dgm:selectedColor r="49" g="106" b="196"/>
    </dgm:gWireLink>
    <dgm:gWireLink source="BPELProcess1/WriteToDB" target="WriteToDB" width="2">
        <dgm:gSegment X1="461" Y1="552" X2="530" Y2="552"/>
        <dgm:gSegment X1="530" Y1="552" X2="530" Y2="626"/>
        <dgm:gSegment X1="530" Y1="626" X2="897" Y2="626"/>
        <dgm:baseColor r="153" g="153" b="153"/>
        <dgm:selectedColor r="49" g="106" b="196"/>
    </dgm:gWireLink>
    <dgm:gWireLink source="BPELProcess1/ReadMetaFile" target="ReadMetaFile" width="2">
        <dgm:gSegment X1="461" Y1="577" X2="515" Y2="577"/>
        <dgm:gSegment X1="515" Y1="577" X2="515" Y2="744"/>
        <dgm:gSegment X1="515" Y1="744" X2="897" Y2="744"/>
        <dgm:baseColor r="153" g="153" b="153"/>
        <dgm:selectedColor r="49" g="106" b="196"/>
    </dgm:gWireLink>
    <dgm:gWireLink source="BPELProcess1/SVCMonitoring" target="SVCMonitoring" width="2">
        <dgm:gSegment X1="461" Y1="602" X2="500" Y2="602"/>
        <dgm:gSegment X1="500" Y1="602" X2="500" Y2="862"/>
        <dgm:gSegment X1="500" Y1="862" X2="897" Y2="862"/>
        <dgm:baseColor r="153" g="153" b="153"/>
        <dgm:selectedColor r="49" g="106" b="196"/>
    </dgm:gWireLink>
    <dgm:gWireLink source="BPELProcess1/listFilesInFolders.test" target="listFilesInFolders/test" width="2">
        <dgm:gSegment X1="461" Y1="627" X2="485" Y2="627"/>
        <dgm:gSegment X1="485" Y1="627" X2="485" Y2="947"/>
        <dgm:gSegment X1="485" Y1="947" X2="604" Y2="947"/>
        <dgm:baseColor r="153" g="153" b="153"/>
        <dgm:selectedColor r="49" g="106" b="196"/>
    </dgm:gWireLink>
</dgm:gDiagram>