<?xml version="1.0" encoding="UTF-8"?>
<dgm:gDiagram xmlns:dgm="http://xmlns.oracle.com/sca/soadgm">
    <dgm:gService name="PollXEOutbound">
        <dgm:body borderWidth="2" arcRad="20" X="21" Y="378" width="137" height="84">
            <dgm:borderColor r="153" g="153" b="153"/>
            <dgm:bgColor r="255" g="255" b="255"/>
        </dgm:body>
        <dgm:shadow arcRad="20" X="11" Y="371" width="156" height="98">
            <dgm:bgColor r="196" g="228" b="240"/>
        </dgm:shadow>
        <dgm:outputPort name="PollXEOutbound" X="127" Y="0" diameter="20" imageURI="oracle/tip/tools/ide/fabric/resource/image/visuals_rd1/servicereference.png" interface="http://hphc.org/OutboundBatchFileAdapter/wsdl/PollXEOutbound#wsdl.interface(Read_ptt)"/>
        <dgm:nodeIcon URI="/oracle/tip/tools/ide/adapters/designtime/adapter/images/file_adapter_20x20.png" X="20" Y="4" width="20" height="20"/>
        <dgm:operations>
            <dgm:item>Read</dgm:item>
        </dgm:operations>
    </dgm:gService>
    <dgm:gReference name="GetDBData">
        <dgm:body borderWidth="2" arcRad="20" X="874" Y="26" width="136" height="84">
            <dgm:borderColor r="153" g="153" b="153"/>
            <dgm:bgColor r="255" g="255" b="255"/>
        </dgm:body>
        <dgm:shadow arcRad="20" X="864" Y="19" width="156" height="98">
            <dgm:bgColor r="196" g="228" b="240"/>
        </dgm:shadow>
        <dgm:inputPort name="GetDBData" X="-10" Y="0" diameter="20" imageURI="oracle/tip/tools/ide/fabric/resource/image/visuals_rd1/servicereference.png" interface="http://hphc.org/OutboundBatchFileAdapter/wsdl/GetDBData#wsdl.interface(GetDBData_ptt)"/>
        <dgm:nodeIcon URI="/oracle/tip/tools/ide/adapters/designtime/adapter/images/db_adapter_20x20.png" X="27" Y="4" width="20" height="20"/>
        <dgm:operations>
            <dgm:item>GetDBData</dgm:item>
        </dgm:operations>
    </dgm:gReference>
    <dgm:gReference name="WriteBusinessArc">
        <dgm:body borderWidth="2" arcRad="20" X="874" Y="144" width="136" height="84">
            <dgm:borderColor r="153" g="153" b="153"/>
            <dgm:bgColor r="255" g="255" b="255"/>
        </dgm:body>
        <dgm:shadow arcRad="20" X="864" Y="137" width="156" height="98">
            <dgm:bgColor r="196" g="228" b="240"/>
        </dgm:shadow>
        <dgm:inputPort name="WriteBusinessArc" X="-10" Y="0" diameter="20" imageURI="oracle/tip/tools/ide/fabric/resource/image/visuals_rd1/servicereference.png" interface="http://hphc.org/OutboundBatchFileAdapter/wsdl/WriteBusinessArc#wsdl.interface(Write_ptt)"/>
        <dgm:nodeIcon URI="/oracle/tip/tools/ide/adapters/designtime/adapter/images/file_adapter_20x20.png" X="27" Y="4" width="20" height="20"/>
        <dgm:operations>
            <dgm:item>Write</dgm:item>
        </dgm:operations>
    </dgm:gReference>
    <dgm:gReference name="WriteFromHphc">
        <dgm:body borderWidth="2" arcRad="20" X="874" Y="262" width="136" height="84">
            <dgm:borderColor r="153" g="153" b="153"/>
            <dgm:bgColor r="255" g="255" b="255"/>
        </dgm:body>
        <dgm:shadow arcRad="20" X="864" Y="255" width="156" height="98">
            <dgm:bgColor r="196" g="228" b="240"/>
        </dgm:shadow>
        <dgm:inputPort name="WriteFromHphc" X="-10" Y="0" diameter="20" imageURI="oracle/tip/tools/ide/fabric/resource/image/visuals_rd1/servicereference.png" interface="http://hphc.org/OutboundBatchFileAdapter/wsdl/WriteFromHphc#wsdl.interface(Write_ptt)"/>
        <dgm:nodeIcon URI="/oracle/tip/tools/ide/adapters/designtime/adapter/images/file_adapter_20x20.png" X="27" Y="4" width="20" height="20"/>
        <dgm:operations>
            <dgm:item>Write</dgm:item>
        </dgm:operations>
    </dgm:gReference>
    <dgm:gReference name="WriteFTAXMLFromHphhc">
        <dgm:body borderWidth="2" arcRad="20" X="874" Y="380" width="136" height="84">
            <dgm:borderColor r="153" g="153" b="153"/>
            <dgm:bgColor r="255" g="255" b="255"/>
        </dgm:body>
        <dgm:shadow arcRad="20" X="864" Y="373" width="156" height="98">
            <dgm:bgColor r="196" g="228" b="240"/>
        </dgm:shadow>
        <dgm:inputPort name="WriteFTAXMLFromHphhc" X="-10" Y="0" diameter="20" imageURI="oracle/tip/tools/ide/fabric/resource/image/visuals_rd1/servicereference.png" interface="http://xmlns.oracle.com/pcbpel/adapter/file/EDI27X/Outbound27xBatchFileAdapter/WriteFTAXMLFromHphhc#wsdl.interface(Write_ptt)"/>
        <dgm:nodeIcon URI="/oracle/tip/tools/ide/adapters/designtime/adapter/images/file_adapter_20x20.png" X="27" Y="4" width="20" height="20"/>
        <dgm:operations>
            <dgm:item>Write</dgm:item>
        </dgm:operations>
    </dgm:gReference>
    <dgm:gReference name="ListFromHpHcFiles">
        <dgm:body borderWidth="2" arcRad="20" X="874" Y="498" width="136" height="84">
            <dgm:borderColor r="153" g="153" b="153"/>
            <dgm:bgColor r="255" g="255" b="255"/>
        </dgm:body>
        <dgm:shadow arcRad="20" X="864" Y="491" width="156" height="98">
            <dgm:bgColor r="196" g="228" b="240"/>
        </dgm:shadow>
        <dgm:inputPort name="ListFromHpHcFiles" X="-10" Y="0" diameter="20" imageURI="oracle/tip/tools/ide/fabric/resource/image/visuals_rd1/servicereference.png" interface="http://hphc.org/OutboundBatchFileAdapter/wsdl/ListFromHpHcFiles#wsdl.interface(FileListing_ptt)"/>
        <dgm:nodeIcon URI="/oracle/tip/tools/ide/adapters/designtime/adapter/images/file_adapter_20x20.png" X="27" Y="4" width="20" height="20"/>
        <dgm:operations>
            <dgm:item>FileListing</dgm:item>
        </dgm:operations>
    </dgm:gReference>
    <dgm:gReference name="UpdateDBData">
        <dgm:body borderWidth="2" arcRad="20" X="874" Y="616" width="136" height="84">
            <dgm:borderColor r="153" g="153" b="153"/>
            <dgm:bgColor r="255" g="255" b="255"/>
        </dgm:body>
        <dgm:shadow arcRad="20" X="864" Y="609" width="156" height="98">
            <dgm:bgColor r="196" g="228" b="240"/>
        </dgm:shadow>
        <dgm:inputPort name="UpdateDBData" X="-10" Y="0" diameter="20" imageURI="oracle/tip/tools/ide/fabric/resource/image/visuals_rd1/servicereference.png" interface="http://xmlns.oracle.com/pcbpel/adapter/db/EDI27X/Outbound27xBatchFileAdapter/UpdateDBData#wsdl.interface(UpdateDBData_ptt)"/>
        <dgm:nodeIcon URI="/oracle/tip/tools/ide/adapters/designtime/adapter/images/db_adapter_20x20.png" X="27" Y="4" width="20" height="20"/>
        <dgm:operations>
            <dgm:item>merge</dgm:item>
        </dgm:operations>
    </dgm:gReference>
    <dgm:gReference name="SVCMonitorLog">
        <dgm:body borderWidth="2" arcRad="20" X="874" Y="734" width="136" height="84">
            <dgm:borderColor r="153" g="153" b="153"/>
            <dgm:bgColor r="255" g="255" b="255"/>
        </dgm:body>
        <dgm:shadow arcRad="20" X="864" Y="727" width="156" height="98">
            <dgm:bgColor r="196" g="228" b="240"/>
        </dgm:shadow>
        <dgm:inputPort name="SVCMonitorLog" X="-10" Y="0" diameter="20" imageURI="oracle/tip/tools/ide/fabric/resource/image/visuals_rd1/servicereference.png" interface="http://hphc.org/common/wsdl/ServiceMonitor/V1#wsdl.interface(ServiceMonitoringPort)"/>
        <dgm:nodeIcon URI="/oracle/tip/tools/ide/adapters/designtime/adapter/images/soap_service_20x20.png" X="27" Y="4" width="20" height="20"/>
        <dgm:operations>
            <dgm:item>SvcMonitor</dgm:item>
        </dgm:operations>
    </dgm:gReference>
    <dgm:gReference name="RejectResponseFiles">
        <dgm:body borderWidth="2" arcRad="20" X="874" Y="852" width="136" height="84">
            <dgm:borderColor r="153" g="153" b="153"/>
            <dgm:bgColor r="255" g="255" b="255"/>
        </dgm:body>
        <dgm:shadow arcRad="20" X="864" Y="845" width="156" height="98">
            <dgm:bgColor r="196" g="228" b="240"/>
        </dgm:shadow>
        <dgm:inputPort name="RejectResponseFiles" X="-10" Y="0" diameter="20" imageURI="oracle/tip/tools/ide/fabric/resource/image/visuals_rd1/servicereference.png" interface="http://hphc.org/OutboundBatchFileAdapter/wsdl/RejectResponseFiles#wsdl.interface(Write_ptt)"/>
        <dgm:nodeIcon URI="/oracle/tip/tools/ide/adapters/designtime/adapter/images/file_adapter_20x20.png" X="27" Y="4" width="20" height="20"/>
        <dgm:operations>
            <dgm:item>Write</dgm:item>
        </dgm:operations>
    </dgm:gReference>
    <dgm:gComponent name="OutboundBatchFileAdapter">
        <dgm:body borderWidth="2" arcRad="20" X="451" Y="363" width="130" height="236">
            <dgm:borderColor r="69" g="113" b="140"/>
            <dgm:lightBgColor r="166" g="208" b="230"/>
            <dgm:darkBgColor r="99" g="162" b="201"/>
        </dgm:body>
        <dgm:shadow arcRad="20" X="441" Y="356" width="150" height="252">
            <dgm:bgColor r="196" g="228" b="240"/>
        </dgm:shadow>
        <dgm:inputPort name="PollXEOutbound" X="-10" Y="15" diameter="20" imageURI="oracle/tip/tools/ide/fabric/resource/image/visuals_rd1/servicereference.png" interface="http://hphc.org/OutboundBatchFileAdapter/wsdl/PollXEOutbound#wsdl.interface(Read_ptt)"/>
        <dgm:outputPort name="GetDBData" X="120" Y="15" diameter="20" imageURI="oracle/tip/tools/ide/fabric/resource/image/visuals_rd1/servicereference.png" interface="http://hphc.org/OutboundBatchFileAdapter/wsdl/GetDBData#wsdl.interface(GetDBData_ptt)"/>
        <dgm:outputPort name="WriteBusinessArc" X="120" Y="40" diameter="20" imageURI="oracle/tip/tools/ide/fabric/resource/image/visuals_rd1/servicereference.png" interface="http://hphc.org/OutboundBatchFileAdapter/wsdl/WriteBusinessArc#wsdl.interface(Write_ptt)"/>
        <dgm:outputPort name="WriteFromHphc" X="120" Y="65" diameter="20" imageURI="oracle/tip/tools/ide/fabric/resource/image/visuals_rd1/servicereference.png" interface="http://hphc.org/OutboundBatchFileAdapter/wsdl/WriteFromHphc#wsdl.interface(Write_ptt)"/>
        <dgm:outputPort name="WriteFTAXMLFromHphhc" X="120" Y="90" diameter="20" imageURI="oracle/tip/tools/ide/fabric/resource/image/visuals_rd1/servicereference.png" interface="http://xmlns.oracle.com/pcbpel/adapter/file/EDI27X/Outbound27xBatchFileAdapter/WriteFTAXMLFromHphhc#wsdl.interface(Write_ptt)"/>
        <dgm:outputPort name="ListFromHpHcFiles" X="120" Y="115" diameter="20" imageURI="oracle/tip/tools/ide/fabric/resource/image/visuals_rd1/servicereference.png" interface="http://hphc.org/OutboundBatchFileAdapter/wsdl/ListFromHpHcFiles#wsdl.interface(FileListing_ptt)"/>
        <dgm:outputPort name="UpdateDBData" X="120" Y="140" diameter="20" imageURI="oracle/tip/tools/ide/fabric/resource/image/visuals_rd1/servicereference.png" interface="http://xmlns.oracle.com/pcbpel/adapter/db/EDI27X/Outbound27xBatchFileAdapter/UpdateDBData#wsdl.interface(UpdateDBData_ptt)"/>
        <dgm:outputPort name="SVCMonitorLog" X="120" Y="165" diameter="20" imageURI="oracle/tip/tools/ide/fabric/resource/image/visuals_rd1/servicereference.png" interface="http://hphc.org/common/wsdl/ServiceMonitor/V1#wsdl.interface(ServiceMonitoringPort)"/>
        <dgm:outputPort name="RejectResponseFiles" X="120" Y="190" diameter="20" imageURI="oracle/tip/tools/ide/fabric/resource/image/visuals_rd1/servicereference.png" interface="http://hphc.org/OutboundBatchFileAdapter/wsdl/RejectResponseFiles#wsdl.interface(Write_ptt)"/>
        <dgm:nodeIcon URI="/oracle/tip/tools/ide/bpel/shared/plugins/resources/images/soa/process_20x20.png" X="10" Y="4" width="20" height="20"/>
    </dgm:gComponent>
    <dgm:gWireLink source="PollXEOutbound" target="OutboundBatchFileAdapter/PollXEOutbound" width="2">
        <dgm:gSegment X1="168" Y1="388" X2="441" Y2="388"/>
        <dgm:baseColor r="153" g="153" b="153"/>
        <dgm:selectedColor r="49" g="106" b="196"/>
    </dgm:gWireLink>
    <dgm:gWireLink source="OutboundBatchFileAdapter/GetDBData" target="GetDBData" width="2">
        <dgm:gSegment X1="591" Y1="388" X2="615" Y2="388"/>
        <dgm:gSegment X1="615" Y1="388" X2="615" Y2="36"/>
        <dgm:gSegment X1="615" Y1="36" X2="864" Y2="36"/>
        <dgm:baseColor r="153" g="153" b="153"/>
        <dgm:selectedColor r="49" g="106" b="196"/>
    </dgm:gWireLink>
    <dgm:gWireLink source="OutboundBatchFileAdapter/WriteBusinessArc" target="WriteBusinessArc" width="2">
        <dgm:gSegment X1="591" Y1="413" X2="630" Y2="413"/>
        <dgm:gSegment X1="630" Y1="413" X2="630" Y2="154"/>
        <dgm:gSegment X1="630" Y1="154" X2="864" Y2="154"/>
        <dgm:baseColor r="153" g="153" b="153"/>
        <dgm:selectedColor r="49" g="106" b="196"/>
    </dgm:gWireLink>
    <dgm:gWireLink source="OutboundBatchFileAdapter/WriteFromHphc" target="WriteFromHphc" width="2">
        <dgm:gSegment X1="591" Y1="438" X2="645" Y2="438"/>
        <dgm:gSegment X1="645" Y1="438" X2="645" Y2="272"/>
        <dgm:gSegment X1="645" Y1="272" X2="864" Y2="272"/>
        <dgm:baseColor r="153" g="153" b="153"/>
        <dgm:selectedColor r="49" g="106" b="196"/>
    </dgm:gWireLink>
    <dgm:gWireLink source="OutboundBatchFileAdapter/WriteFTAXMLFromHphhc" target="WriteFTAXMLFromHphhc" width="2">
        <dgm:gSegment X1="591" Y1="463" X2="660" Y2="463"/>
        <dgm:gSegment X1="660" Y1="463" X2="660" Y2="390"/>
        <dgm:gSegment X1="660" Y1="390" X2="864" Y2="390"/>
        <dgm:baseColor r="153" g="153" b="153"/>
        <dgm:selectedColor r="49" g="106" b="196"/>
    </dgm:gWireLink>
    <dgm:gWireLink source="OutboundBatchFileAdapter/ListFromHpHcFiles" target="ListFromHpHcFiles" width="2">
        <dgm:gSegment X1="591" Y1="488" X2="660" Y2="488"/>
        <dgm:gSegment X1="660" Y1="488" X2="660" Y2="508"/>
        <dgm:gSegment X1="660" Y1="508" X2="864" Y2="508"/>
        <dgm:baseColor r="153" g="153" b="153"/>
        <dgm:selectedColor r="49" g="106" b="196"/>
    </dgm:gWireLink>
    <dgm:gWireLink source="OutboundBatchFileAdapter/UpdateDBData" target="UpdateDBData" width="2">
        <dgm:gSegment X1="591" Y1="513" X2="645" Y2="513"/>
        <dgm:gSegment X1="645" Y1="513" X2="645" Y2="626"/>
        <dgm:gSegment X1="645" Y1="626" X2="864" Y2="626"/>
        <dgm:baseColor r="153" g="153" b="153"/>
        <dgm:selectedColor r="49" g="106" b="196"/>
    </dgm:gWireLink>
    <dgm:gWireLink source="OutboundBatchFileAdapter/SVCMonitorLog" target="SVCMonitorLog" width="2">
        <dgm:gSegment X1="591" Y1="538" X2="630" Y2="538"/>
        <dgm:gSegment X1="630" Y1="538" X2="630" Y2="744"/>
        <dgm:gSegment X1="630" Y1="744" X2="864" Y2="744"/>
        <dgm:baseColor r="153" g="153" b="153"/>
        <dgm:selectedColor r="49" g="106" b="196"/>
    </dgm:gWireLink>
    <dgm:gWireLink source="OutboundBatchFileAdapter/RejectResponseFiles" target="RejectResponseFiles" width="2">
        <dgm:gSegment X1="591" Y1="563" X2="615" Y2="563"/>
        <dgm:gSegment X1="615" Y1="563" X2="615" Y2="862"/>
        <dgm:gSegment X1="615" Y1="862" X2="864" Y2="862"/>
        <dgm:baseColor r="153" g="153" b="153"/>
        <dgm:selectedColor r="49" g="106" b="196"/>
    </dgm:gWireLink>
</dgm:gDiagram>