<?xml version = '1.0' encoding = 'UTF-8'?>
<graphics>
   <diagram optimizeLayout="false" fixedWidthSwimlanes="true" roundedPartnerlinks="true" centerZoom="true" validateOnLoad="true" confirmBeforeDelete="true" selectedPartnerLinkColor="49,105,198" swimlaneBackground="240,240,240" swimlaneDividerBackground="218,218,218" graphBackground="255,255,255" selectedBorderBackground="49,105,198" connectedPartnerLinkColor="204,204,255" connectablePartnerLinkColor="0,0,255" unconnectedPartnerLinkColor="192,192,192"/>
   <annotationfile/>
   <iconize/>
   <partnerlink_locations>
      <partnerlink name="bpelprocess1_client" x="0" y="3963" side="left"/>
      <partnerlink name="CreateFromHPHCDirectory" x="0" y="4144" side="left"/>
      <partnerlink name="RenameFile" x="0" y="5011" side="left"/>
      <partnerlink name="WriteToDB" x="0" y="7646" side="left"/>
      <partnerlink name="SVCMonitoring" x="0" y="258" side="left"/>
      <partnerlink name="ReadFile" x="3882" y="1887" side="right"/>
      <partnerlink name="CopyFile" x="3882" y="4375" side="right"/>
      <partnerlink name="WriteFile" x="3882" y="4567" side="right"/>
      <partnerlink name="ReadMetaFile" x="3882" y="1596" side="right"/>
      <partnerlink name="listFilesInFolders.test" x="3882" y="520" side="right"/>
   </partnerlink_locations>
   <graph_layout viewport="0,7097,1286,255" show_swimlanes="true">
      <layout_item collapsed="false" xpath="/process" type="process" showhandlers="true"/>
      <layout_item collapsed="false" xpath="/process/faultHandlers/catchAll" type="catchall"/>
      <layout_item collapsed="false" xpath="/process/faultHandlers/catchAll/sequence" type="sequence"/>
      <layout_item collapsed="false" xpath="/process/sequence" type="sequence"/>
      <layout_item collapsed="false" xpath="/process/sequence/scope" type="scope" showhandlers="true"/>
      <layout_item collapsed="false" xpath="/process/sequence/scope/sequence" type="sequence"/>
      <layout_item collapsed="false" xpath="/process/sequence/forEach" type="foreach"/>
      <layout_item collapsed="false" xpath="/process/sequence/forEach/scope" type="scope" showhandlers="true"/>
      <layout_item collapsed="false" xpath="/process/sequence/forEach/scope/sequence" type="sequence"/>
      <layout_item collapsed="false" xpath="/process/sequence/forEach/scope/sequence/sequence" type="sequence"/>
      <layout_item collapsed="false" xpath="/process/sequence/forEach/scope/sequence/sequence/if/sequence" type="sequence"/>
      <layout_item collapsed="false" xpath="/process/sequence/forEach/scope/sequence/sequence/if/sequence/scope" type="scope" showhandlers="true"/>
      <layout_item collapsed="false" xpath="/process/sequence/forEach/scope/sequence/sequence/if/sequence/scope/sequence" type="sequence"/>
      <layout_item collapsed="false" xpath="/process/sequence/forEach/scope/sequence/sequence/if/sequence/scope/sequence/scope[1]" type="scope" showhandlers="true"/>
      <layout_item collapsed="false" xpath="/process/sequence/forEach/scope/sequence/sequence/if/sequence/scope/sequence/scope[1]/sequence" type="sequence"/>
      <layout_item collapsed="false" xpath="/process/sequence/forEach/scope/sequence/sequence/if/sequence/scope/sequence/scope[1]/sequence/repeatUntil" type="repeatUntil"/>
      <layout_item collapsed="false" xpath="/process/sequence/forEach/scope/sequence/sequence/if/sequence/scope/sequence/scope[1]/sequence/repeatUntil/sequence" type="sequence"/>
      <layout_item collapsed="false" xpath="/process/sequence/forEach/scope/sequence/sequence/if/sequence/scope/sequence/scope[2]" type="scope" showhandlers="true"/>
      <layout_item collapsed="false" xpath="/process/sequence/forEach/scope/sequence/sequence/if/sequence/scope/sequence/scope[2]/sequence" type="sequence"/>
      <layout_item collapsed="false" xpath="/process/sequence/forEach/scope/sequence/sequence/if/sequence/scope/sequence/scope[2]/sequence/scope" type="scope" showhandlers="true"/>
      <layout_item collapsed="false" xpath="/process/sequence/forEach/scope/sequence/sequence/if/sequence/scope/sequence/scope[2]/sequence/scope/sequence" type="sequence"/>
      <layout_item collapsed="false" xpath="/process/sequence/forEach/scope/sequence/sequence/if/sequence/scope/sequence/scope[2]/sequence/if/sequence" type="sequence"/>
      <layout_item collapsed="false" xpath="/process/sequence/forEach/scope/sequence/sequence/if/sequence/scope/sequence/scope[2]/sequence/if/sequence/scope[1]" type="scope" showhandlers="true"/>
      <layout_item collapsed="false" xpath="/process/sequence/forEach/scope/sequence/sequence/if/sequence/scope/sequence/scope[2]/sequence/if/sequence/scope[1]/sequence" type="sequence"/>
      <layout_item collapsed="false" xpath="/process/sequence/forEach/scope/sequence/sequence/if/sequence/scope/sequence/scope[2]/sequence/if/sequence/scope[1]/sequence/scope" type="scope" showhandlers="true"/>
      <layout_item collapsed="false" xpath="/process/sequence/forEach/scope/sequence/sequence/if/sequence/scope/sequence/scope[2]/sequence/if/sequence/scope[1]/sequence/scope/sequence" type="sequence"/>
      <layout_item collapsed="false" xpath="/process/sequence/forEach/scope/sequence/sequence/if/sequence/scope/sequence/scope[2]/sequence/if/sequence/scope[1]/sequence/scope/sequence/repeatUntil" type="repeatUntil"/>
      <layout_item collapsed="false" xpath="/process/sequence/forEach/scope/sequence/sequence/if/sequence/scope/sequence/scope[2]/sequence/if/sequence/scope[1]/sequence/scope/sequence/repeatUntil/sequence" type="sequence"/>
      <layout_item collapsed="false" xpath="/process/sequence/forEach/scope/sequence/sequence/if/sequence/scope/sequence/scope[2]/sequence/if/sequence/scope[2]" type="scope" showhandlers="true"/>
      <layout_item collapsed="false" xpath="/process/sequence/forEach/scope/sequence/sequence/if/sequence/scope/sequence/scope[2]/sequence/if/sequence/scope[2]/sequence" type="sequence"/>
      <layout_item collapsed="false" xpath="/process/sequence/forEach/scope/sequence/sequence/if/sequence/scope/sequence/scope[2]/sequence/if/sequence/scope[2]/sequence/repeatUntil" type="repeatUntil"/>
      <layout_item collapsed="false" xpath="/process/sequence/forEach/scope/sequence/sequence/if/sequence/scope/sequence/scope[2]/sequence/if/sequence/scope[2]/sequence/repeatUntil/sequence" type="sequence"/>
      <layout_item collapsed="false" xpath="/process/sequence/forEach/scope/sequence/sequence/if/sequence/scope/sequence/scope[2]/sequence/if/sequence/scope[3]" type="scope" showhandlers="true"/>
      <layout_item collapsed="false" xpath="/process/sequence/forEach/scope/sequence/sequence/if/sequence/scope/sequence/scope[2]/sequence/if/sequence/scope[3]/sequence" type="sequence"/>
      <layout_item collapsed="false" xpath="/process/sequence/forEach/scope/sequence/sequence/if/sequence/scope/sequence/scope[2]/sequence/if/sequence/scope[3]/sequence/flow" type="flow"/>
      <layout_item collapsed="false" xpath="/process/sequence/forEach/scope/sequence/sequence/if/sequence/scope/sequence/scope[2]/sequence/if/sequence/scope[3]/sequence/flow/sequence[1]" type="sequence"/>
      <layout_item collapsed="false" xpath="/process/sequence/forEach/scope/sequence/sequence/if/sequence/scope/sequence/scope[2]/sequence/if/sequence/scope[3]/sequence/flow/sequence[2]" type="sequence"/>
      <layout_item collapsed="false" xpath="/process/sequence/forEach/scope/sequence/sequence/if/sequence/scope/sequence/scope[2]/sequence/if/sequence/scope[4]" type="scope" showhandlers="true"/>
      <layout_item collapsed="false" xpath="/process/sequence/forEach/scope/sequence/sequence/if/sequence/scope/sequence/scope[2]/sequence/if/sequence/scope[4]/sequence" type="sequence"/>
      <layout_item collapsed="false" xpath="/process/sequence/forEach/scope/sequence/sequence/if/sequence/scope/sequence/scope[2]/sequence/if/sequence/scope[4]/sequence/repeatUntil" type="repeatUntil"/>
      <layout_item collapsed="false" xpath="/process/sequence/forEach/scope/sequence/sequence/if/sequence/scope/sequence/scope[2]/sequence/if/sequence/scope[4]/sequence/repeatUntil/sequence" type="sequence"/>
      <layout_item collapsed="false" xpath="/process/sequence/forEach/scope/sequence/sequence/if/sequence/scope/sequence/scope[2]/sequence/if/else/sequence" type="sequence"/>
      <layout_item collapsed="false" xpath="/process/sequence/forEach/scope/sequence/sequence/if/sequence/scope/sequence/scope[2]/sequence/if/else/sequence/scope[1]" type="scope" showhandlers="true"/>
      <layout_item collapsed="false" xpath="/process/sequence/forEach/scope/sequence/sequence/if/sequence/scope/sequence/scope[2]/sequence/if/else/sequence/scope[1]/sequence" type="sequence"/>
      <layout_item collapsed="false" xpath="/process/sequence/forEach/scope/sequence/sequence/if/sequence/scope/sequence/scope[2]/sequence/if/else/sequence/scope[1]/sequence/scope" type="scope" showhandlers="true"/>
      <layout_item collapsed="false" xpath="/process/sequence/forEach/scope/sequence/sequence/if/sequence/scope/sequence/scope[2]/sequence/if/else/sequence/scope[1]/sequence/scope/sequence" type="sequence"/>
      <layout_item collapsed="false" xpath="/process/sequence/forEach/scope/sequence/sequence/if/sequence/scope/sequence/scope[2]/sequence/if/else/sequence/scope[1]/sequence/scope/sequence/repeatUntil" type="repeatUntil"/>
      <layout_item collapsed="false" xpath="/process/sequence/forEach/scope/sequence/sequence/if/sequence/scope/sequence/scope[2]/sequence/if/else/sequence/scope[1]/sequence/scope/sequence/repeatUntil/sequence" type="sequence"/>
      <layout_item collapsed="false" xpath="/process/sequence/forEach/scope/sequence/sequence/if/sequence/scope/sequence/scope[2]/sequence/if/else/sequence/scope[2]" type="scope" showhandlers="true"/>
      <layout_item collapsed="false" xpath="/process/sequence/forEach/scope/sequence/sequence/if/sequence/scope/sequence/scope[2]/sequence/if/else/sequence/scope[2]/sequence" type="sequence"/>
      <layout_item collapsed="false" xpath="/process/sequence/forEach/scope/sequence/sequence/if/sequence/scope/sequence/scope[2]/sequence/if/else/sequence/scope[2]/sequence/flow" type="flow"/>
      <layout_item collapsed="false" xpath="/process/sequence/forEach/scope/sequence/sequence/if/sequence/scope/sequence/scope[2]/sequence/if/else/sequence/scope[2]/sequence/flow/sequence[1]" type="sequence"/>
      <layout_item collapsed="false" xpath="/process/sequence/forEach/scope/sequence/sequence/if/sequence/scope/sequence/scope[2]/sequence/if/else/sequence/scope[2]/sequence/flow/sequence[2]" type="sequence"/>
      <layout_item collapsed="false" xpath="/process/sequence/forEach/scope/sequence/sequence/if/sequence/scope/sequence/scope[2]/sequence/if/else/sequence/scope[3]" type="scope" showhandlers="true"/>
      <layout_item collapsed="false" xpath="/process/sequence/forEach/scope/sequence/sequence/if/sequence/scope/sequence/scope[2]/sequence/if/else/sequence/scope[3]/sequence" type="sequence"/>
      <layout_item collapsed="false" xpath="/process/sequence/forEach/scope/sequence/sequence/if/sequence/scope/sequence/scope[2]/sequence/if/else/sequence/scope[3]/sequence/repeatUntil" type="repeatUntil"/>
      <layout_item collapsed="false" xpath="/process/sequence/forEach/scope/sequence/sequence/if/sequence/scope/sequence/scope[2]/sequence/if/else/sequence/scope[3]/sequence/repeatUntil/sequence" type="sequence"/>
      <layout_item collapsed="false" xpath="/process/sequence/forEach/scope/sequence/sequence/if/else/sequence" type="sequence"/>
      <layout_item collapsed="false" xpath="/process/sequence/forEach/scope/sequence/sequence/if/else/sequence/scope" type="scope" showhandlers="true"/>
      <layout_item collapsed="false" xpath="/process/sequence/forEach/scope/sequence/sequence/if/else/sequence/scope/sequence" type="sequence"/>
      <layout_item collapsed="false" xpath="/process/sequence/forEach/scope/sequence/sequence/if/else/sequence/scope/sequence/scope[1]" type="scope" showhandlers="true"/>
      <layout_item collapsed="false" xpath="/process/sequence/forEach/scope/sequence/sequence/if/else/sequence/scope/sequence/scope[1]/sequence" type="sequence"/>
      <layout_item collapsed="false" xpath="/process/sequence/forEach/scope/sequence/sequence/if/else/sequence/scope/sequence/scope[2]" type="scope" showhandlers="true"/>
      <layout_item collapsed="false" xpath="/process/sequence/forEach/scope/sequence/sequence/if/else/sequence/scope/sequence/scope[2]/sequence" type="sequence"/>
      <layout_item collapsed="false" xpath="/process/sequence/forEach/scope/sequence/sequence/if/else/sequence/scope/sequence/scope[2]/sequence/scope" type="scope" showhandlers="true"/>
      <layout_item collapsed="false" xpath="/process/sequence/forEach/scope/sequence/sequence/if/else/sequence/scope/sequence/scope[2]/sequence/scope/sequence" type="sequence"/>
      <layout_item collapsed="false" xpath="/process/sequence/forEach/scope/sequence/sequence/if/else/sequence/scope/sequence/scope[2]/sequence/if/sequence" type="sequence"/>
      <layout_item collapsed="false" xpath="/process/sequence/forEach/scope/sequence/sequence/if/else/sequence/scope/sequence/scope[2]/sequence/if/sequence/scope[1]" type="scope" showhandlers="true"/>
      <layout_item collapsed="false" xpath="/process/sequence/forEach/scope/sequence/sequence/if/else/sequence/scope/sequence/scope[2]/sequence/if/sequence/scope[1]/sequence" type="sequence"/>
      <layout_item collapsed="false" xpath="/process/sequence/forEach/scope/sequence/sequence/if/else/sequence/scope/sequence/scope[2]/sequence/if/sequence/scope[1]/sequence/scope" type="scope" showhandlers="true"/>
      <layout_item collapsed="false" xpath="/process/sequence/forEach/scope/sequence/sequence/if/else/sequence/scope/sequence/scope[2]/sequence/if/sequence/scope[1]/sequence/scope/sequence" type="sequence"/>
      <layout_item collapsed="false" xpath="/process/sequence/forEach/scope/sequence/sequence/if/else/sequence/scope/sequence/scope[2]/sequence/if/sequence/scope[1]/sequence/scope/sequence/repeatUntil" type="repeatUntil"/>
      <layout_item collapsed="false" xpath="/process/sequence/forEach/scope/sequence/sequence/if/else/sequence/scope/sequence/scope[2]/sequence/if/sequence/scope[1]/sequence/scope/sequence/repeatUntil/sequence" type="sequence"/>
      <layout_item collapsed="false" xpath="/process/sequence/forEach/scope/sequence/sequence/if/else/sequence/scope/sequence/scope[2]/sequence/if/sequence/scope[2]" type="scope" showhandlers="true"/>
      <layout_item collapsed="false" xpath="/process/sequence/forEach/scope/sequence/sequence/if/else/sequence/scope/sequence/scope[2]/sequence/if/sequence/scope[2]/sequence" type="sequence"/>
      <layout_item collapsed="false" xpath="/process/sequence/forEach/scope/sequence/sequence/if/else/sequence/scope/sequence/scope[2]/sequence/if/sequence/scope[2]/sequence/repeatUntil" type="repeatUntil"/>
      <layout_item collapsed="false" xpath="/process/sequence/forEach/scope/sequence/sequence/if/else/sequence/scope/sequence/scope[2]/sequence/if/sequence/scope[2]/sequence/repeatUntil/sequence" type="sequence"/>
      <layout_item collapsed="false" xpath="/process/sequence/forEach/scope/sequence/sequence/if/else/sequence/scope/sequence/scope[2]/sequence/if/sequence/scope[3]" type="scope" showhandlers="true"/>
      <layout_item collapsed="false" xpath="/process/sequence/forEach/scope/sequence/sequence/if/else/sequence/scope/sequence/scope[2]/sequence/if/sequence/scope[3]/sequence" type="sequence"/>
      <layout_item collapsed="false" xpath="/process/sequence/forEach/scope/sequence/sequence/if/else/sequence/scope/sequence/scope[2]/sequence/if/sequence/scope[3]/sequence/flow" type="flow"/>
      <layout_item collapsed="false" xpath="/process/sequence/forEach/scope/sequence/sequence/if/else/sequence/scope/sequence/scope[2]/sequence/if/sequence/scope[3]/sequence/flow/sequence[1]" type="sequence"/>
      <layout_item collapsed="false" xpath="/process/sequence/forEach/scope/sequence/sequence/if/else/sequence/scope/sequence/scope[2]/sequence/if/sequence/scope[3]/sequence/flow/sequence[2]" type="sequence"/>
      <layout_item collapsed="false" xpath="/process/sequence/forEach/scope/sequence/sequence/if/else/sequence/scope/sequence/scope[2]/sequence/if/sequence/scope[4]" type="scope" showhandlers="true"/>
      <layout_item collapsed="false" xpath="/process/sequence/forEach/scope/sequence/sequence/if/else/sequence/scope/sequence/scope[2]/sequence/if/sequence/scope[4]/sequence" type="sequence"/>
      <layout_item collapsed="false" xpath="/process/sequence/forEach/scope/sequence/sequence/if/else/sequence/scope/sequence/scope[2]/sequence/if/sequence/scope[4]/sequence/repeatUntil" type="repeatUntil"/>
      <layout_item collapsed="false" xpath="/process/sequence/forEach/scope/sequence/sequence/if/else/sequence/scope/sequence/scope[2]/sequence/if/sequence/scope[4]/sequence/repeatUntil/sequence" type="sequence"/>
      <layout_item collapsed="false" xpath="/process/sequence/forEach/scope/sequence/sequence/if/else/sequence/scope/sequence/scope[2]/sequence/if/else/sequence" type="sequence"/>
      <layout_item collapsed="false" xpath="/process/sequence/forEach/scope/sequence/sequence/if/else/sequence/scope/sequence/scope[2]/sequence/if/else/sequence/scope[1]" type="scope" showhandlers="true"/>
      <layout_item collapsed="false" xpath="/process/sequence/forEach/scope/sequence/sequence/if/else/sequence/scope/sequence/scope[2]/sequence/if/else/sequence/scope[1]/sequence" type="sequence"/>
      <layout_item collapsed="false" xpath="/process/sequence/forEach/scope/sequence/sequence/if/else/sequence/scope/sequence/scope[2]/sequence/if/else/sequence/scope[1]/sequence/scope" type="scope" showhandlers="true"/>
      <layout_item collapsed="false" xpath="/process/sequence/forEach/scope/sequence/sequence/if/else/sequence/scope/sequence/scope[2]/sequence/if/else/sequence/scope[1]/sequence/scope/sequence" type="sequence"/>
      <layout_item collapsed="false" xpath="/process/sequence/forEach/scope/sequence/sequence/if/else/sequence/scope/sequence/scope[2]/sequence/if/else/sequence/scope[1]/sequence/scope/sequence/repeatUntil" type="repeatUntil"/>
      <layout_item collapsed="false" xpath="/process/sequence/forEach/scope/sequence/sequence/if/else/sequence/scope/sequence/scope[2]/sequence/if/else/sequence/scope[1]/sequence/scope/sequence/repeatUntil/sequence" type="sequence"/>
      <layout_item collapsed="false" xpath="/process/sequence/forEach/scope/sequence/sequence/if/else/sequence/scope/sequence/scope[2]/sequence/if/else/sequence/scope[2]" type="scope" showhandlers="true"/>
      <layout_item collapsed="false" xpath="/process/sequence/forEach/scope/sequence/sequence/if/else/sequence/scope/sequence/scope[2]/sequence/if/else/sequence/scope[2]/sequence" type="sequence"/>
      <layout_item collapsed="false" xpath="/process/sequence/forEach/scope/sequence/sequence/if/else/sequence/scope/sequence/scope[2]/sequence/if/else/sequence/scope[2]/sequence/flow" type="flow"/>
      <layout_item collapsed="false" xpath="/process/sequence/forEach/scope/sequence/sequence/if/else/sequence/scope/sequence/scope[2]/sequence/if/else/sequence/scope[2]/sequence/flow/sequence[1]" type="sequence"/>
      <layout_item collapsed="false" xpath="/process/sequence/forEach/scope/sequence/sequence/if/else/sequence/scope/sequence/scope[2]/sequence/if/else/sequence/scope[2]/sequence/flow/sequence[2]" type="sequence"/>
      <layout_item collapsed="false" xpath="/process/sequence/forEach/scope/sequence/sequence/if/else/sequence/scope/sequence/scope[2]/sequence/if/else/sequence/scope[3]" type="scope" showhandlers="true"/>
      <layout_item collapsed="false" xpath="/process/sequence/forEach/scope/sequence/sequence/if/else/sequence/scope/sequence/scope[2]/sequence/if/else/sequence/scope[3]/sequence" type="sequence"/>
      <layout_item collapsed="false" xpath="/process/sequence/forEach/scope/sequence/sequence/if/else/sequence/scope/sequence/scope[2]/sequence/if/else/sequence/scope[3]/sequence/repeatUntil" type="repeatUntil"/>
      <layout_item collapsed="false" xpath="/process/sequence/forEach/scope/sequence/sequence/if/else/sequence/scope/sequence/scope[2]/sequence/if/else/sequence/scope[3]/sequence/repeatUntil/sequence" type="sequence"/>
   </graph_layout>
   <bookmarks/>
</graphics>
