<?xml version="1.0" encoding="UTF-8" ?>
<!-- Generated by Oracle SOA Modeler version 12.2.1.0.0.151013 at [4/21/17 3:06 PM]. -->
<composite name="IESN_BatchFileAdapter_27X"
           revision="1.0"
           label="2017-04-21_15-06-39_142"
           mode="active"
           state="on"
           xmlns="http://xmlns.oracle.com/sca/1.0"
           xmlns:xs="http://www.w3.org/2001/XMLSchema"
           xmlns:wsp="http://schemas.xmlsoap.org/ws/2004/09/policy"
           xmlns:orawsp="http://schemas.oracle.com/ws/2006/01/policy"
           xmlns:ui="http://xmlns.oracle.com/soa/designer/"
           xmlns:sca-ext="http://xmlns.oracle.com/sca/1.0-ext">
  <import namespace="http://xmlns.oracle.com/IESN_BatchFileAdapter_27XApplication1/Test/BPELProcess1"
          location="WSDLs/InboundBatchFileAdapter.wsdl" importType="wsdl"/>
  <import namespace="http://xmlns.oracle.com/pcbpel/adapter/file/JavaFunction/Test/ReadFile"
          location="WSDLs/ReadFile.wsdl" importType="wsdl"/>
  <import namespace="http://xmlns.oracle.com/pcbpel/adapter/file/JavaFunction/BatchFileAdapter2/CreateFromHPHCDirectory"
          location="WSDLs/CreateFromHPHCDirectory.wsdl" importType="wsdl"/>
  <import namespace="http://xmlns.oracle.com/pcbpel/adapter/file/JavaFunction/BatchFileAdapter2/CopyFile"
          location="WSDLs/CopyFile.wsdl" importType="wsdl"/>
  <import namespace="http://xmlns.oracle.com/pcbpel/adapter/file/JavaFunction/BatchFileAdapter2/RenameFile"
          location="WSDLs/RenameFile.wsdl" importType="wsdl"/>
  <import namespace="http://xmlns.oracle.com/pcbpel/adapter/file/JavaFunction/BatchFileAdapter4/WriteFile"
          location="WSDLs/WriteFile.wsdl" importType="wsdl"/>
  <import namespace="http://xmlns.oracle.com/pcbpel/adapter/db/JavaFunction/BatchFileAdapter4/WriteToDB"
          location="WSDLs/WriteToDB.wsdl" importType="wsdl"/>
  <import namespace="http://xmlns.oracle.com/pcbpel/adapter/file/JavaFunction/BatchFileAdapter4/ReadMetaFile"
          location="WSDLs/ReadMetaFile.wsdl" importType="wsdl"/>
  <import namespace="http://hphc.org/common/wsdl/ServiceMonitor/V1" location="WSDLs/ServiceMonitoring.wsdl"
          importType="wsdl"/>
  <import namespace="http://hphc.org/common/wsdl/ServiceMonitor/V1" location="WSDLs/ServiceMonitoring_Wrapper.wsdl"
          importType="wsdl"/>
  <import namespace="http://listFiles.CommonProcesses/" location="WSDLs/IlistFilesInFoldersWrapper.wsdl"
          importType="wsdl"/>
  <service name="bpelprocess1_client_ep" ui:wsdlLocation="WSDLs/InboundBatchFileAdapter.wsdl">
    <interface.wsdl interface="http://xmlns.oracle.com/IESN_BatchFileAdapter_27XApplication1/Test/BPELProcess1#wsdl.interface(BPELProcess1)"
                    callbackInterface="http://xmlns.oracle.com/IESN_BatchFileAdapter_27XApplication1/Test/BPELProcess1#wsdl.interface(BPELProcess1Callback)"/>
    <binding.ws port="http://xmlns.oracle.com/IESN_BatchFileAdapter_27XApplication1/Test/BPELProcess1#wsdl.endpoint(bpelprocess1_client_ep/BPELProcess1_pt)"/>
    <callback>
      <binding.ws port="http://xmlns.oracle.com/IESN_BatchFileAdapter_27XApplication1/Test/BPELProcess1#wsdl.endpoint(bpelprocess1_client_ep/BPELProcess1Callback_pt)"/>
    </callback>
  </service>
  <property name="productVersion" type="xs:string" many="false">12.2.1.0.0.151013</property>
  <property name="compositeID" type="xs:string" many="false">4a1d673b-9585-486c-ae55-e7de6de7f48d</property>
  <component name="BPELProcess1" version="2.0">
    <implementation.bpel src="BPEL/InboundBatchFileAdapter.bpel"/>
    <componentType>
      <service name="bpelprocess1_client" ui:wsdlLocation="WSDLs/InboundBatchFileAdapter.wsdl">
        <interface.wsdl interface="http://xmlns.oracle.com/IESN_BatchFileAdapter_27XApplication1/Test/BPELProcess1#wsdl.interface(BPELProcess1)"
                        callbackInterface="http://xmlns.oracle.com/IESN_BatchFileAdapter_27XApplication1/Test/BPELProcess1#wsdl.interface(BPELProcess1Callback)"/>
      </service>
      <reference name="ReadFile" ui:wsdlLocation="WSDLs/ReadFile.wsdl">
        <interface.wsdl interface="http://xmlns.oracle.com/pcbpel/adapter/file/JavaFunction/Test/ReadFile#wsdl.interface(SynchRead_ptt)"/>
      </reference>
      <reference name="CreateFromHPHCDirectory" ui:wsdlLocation="WSDLs/CreateFromHPHCDirectory.wsdl">
        <interface.wsdl interface="http://xmlns.oracle.com/pcbpel/adapter/file/JavaFunction/BatchFileAdapter2/CreateFromHPHCDirectory#wsdl.interface(Write_ptt)"/>
      </reference>
      <reference name="CopyFile" ui:wsdlLocation="WSDLs/CopyFile.wsdl">
        <interface.wsdl interface="http://xmlns.oracle.com/pcbpel/adapter/file/JavaFunction/BatchFileAdapter2/CopyFile#wsdl.interface(Write_ptt)"/>
      </reference>
      <reference name="RenameFile" ui:wsdlLocation="WSDLs/RenameFile.wsdl">
        <interface.wsdl interface="http://xmlns.oracle.com/pcbpel/adapter/file/JavaFunction/BatchFileAdapter2/RenameFile#wsdl.interface(Write_ptt)"/>
      </reference>
      <reference name="WriteFile" ui:wsdlLocation="WSDLs/WriteFile.wsdl">
        <interface.wsdl interface="http://xmlns.oracle.com/pcbpel/adapter/file/JavaFunction/BatchFileAdapter4/WriteFile#wsdl.interface(Write_ptt)"/>
      </reference>
      <reference name="WriteToDB" ui:wsdlLocation="WSDLs/WriteToDB.wsdl">
        <interface.wsdl interface="http://xmlns.oracle.com/pcbpel/adapter/db/JavaFunction/BatchFileAdapter4/WriteToDB#wsdl.interface(WriteToDB_ptt)"/>
      </reference>
      <reference name="ReadMetaFile" ui:wsdlLocation="WSDLs/ReadMetaFile.wsdl">
        <interface.wsdl interface="http://xmlns.oracle.com/pcbpel/adapter/file/JavaFunction/BatchFileAdapter4/ReadMetaFile#wsdl.interface(SynchRead_ptt)"/>
      </reference>
      <reference name="SVCMonitoring" ui:wsdlLocation="WSDLs/ServiceMonitoring_Wrapper.wsdl">
        <interface.wsdl interface="http://hphc.org/common/wsdl/ServiceMonitor/V1#wsdl.interface(ServiceMonitoringPort)"/>
      </reference>
      <reference name="listFilesInFolders.test" ui:wsdlLocation="WSDLs/IlistFilesInFoldersWrapper.wsdl">
        <interface.wsdl interface="http://listFiles.CommonProcesses/#wsdl.interface(IlistFilesInFolders)"/>
      </reference>
    </componentType>
    <property name="bpel.config.oneWayDeliveryPolicy" type="xs:string" many="false">async.persist</property>
  </component>
  <component name="listFilesInFolders">
    <implementation.spring src="Spring/listFilesInFolders.xml"/>
    <componentType>
      <service name="test">
        <interface.java interface="CommonProcesses.listFiles.IlistFilesInFolders"/>
      </service>
    </componentType>
  </component>
  <reference name="ReadFile" ui:wsdlLocation="WSDLs/ReadFile.wsdl">
    <interface.wsdl interface="http://xmlns.oracle.com/pcbpel/adapter/file/JavaFunction/Test/ReadFile#wsdl.interface(SynchRead_ptt)"/>
    <binding.jca config="Adapters/ReadFile_file.jca"/>
  </reference>
  <reference name="CreateFromHPHCDirectory" ui:wsdlLocation="WSDLs/CreateFromHPHCDirectory.wsdl">
    <interface.wsdl interface="http://xmlns.oracle.com/pcbpel/adapter/file/JavaFunction/BatchFileAdapter2/CreateFromHPHCDirectory#wsdl.interface(Write_ptt)"/>
    <binding.jca config="Adapters/CreateFromHPHCDirectory_file.jca"/>
  </reference>
  <reference name="CopyFile" ui:wsdlLocation="WSDLs/CopyFile.wsdl">
    <interface.wsdl interface="http://xmlns.oracle.com/pcbpel/adapter/file/JavaFunction/BatchFileAdapter2/CopyFile#wsdl.interface(Write_ptt)"/>
    <binding.jca config="Adapters/CopyFile_file.jca"/>
  </reference>
  <reference name="RenameFile" ui:wsdlLocation="WSDLs/RenameFile.wsdl">
    <interface.wsdl interface="http://xmlns.oracle.com/pcbpel/adapter/file/JavaFunction/BatchFileAdapter2/RenameFile#wsdl.interface(Write_ptt)"/>
    <binding.jca config="Adapters/RenameFile_file.jca"/>
  </reference>
  <reference name="WriteFile" ui:wsdlLocation="WSDLs/WriteFile.wsdl">
    <interface.wsdl interface="http://xmlns.oracle.com/pcbpel/adapter/file/JavaFunction/BatchFileAdapter4/WriteFile#wsdl.interface(Write_ptt)"/>
    <binding.jca config="Adapters/WriteFile_file.jca"/>
  </reference>
  <reference name="WriteToDB" ui:wsdlLocation="WSDLs/WriteToDB.wsdl">
    <interface.wsdl interface="http://xmlns.oracle.com/pcbpel/adapter/db/JavaFunction/BatchFileAdapter4/WriteToDB#wsdl.interface(WriteToDB_ptt)"/>
    <binding.jca config="Adapters/WriteToDB_db.jca"/>
    <property name="jca.retry.count" type="xs:int" many="false" override="may">4</property>
    <property name="jca.retry.interval" type="xs:int" many="false" override="may">1</property>
    <property name="jca.retry.backoff" type="xs:int" many="false" override="may">2</property>
    <property name="jca.retry.maxInterval" type="xs:int" many="false" override="may">120</property>
  </reference>
  <reference name="ReadMetaFile" ui:wsdlLocation="WSDLs/ReadMetaFile.wsdl">
    <interface.wsdl interface="http://xmlns.oracle.com/pcbpel/adapter/file/JavaFunction/BatchFileAdapter4/ReadMetaFile#wsdl.interface(SynchRead_ptt)"/>
    <binding.jca config="Adapters/ReadMetaFile_file.jca"/>
  </reference>
  <reference name="SVCMonitoring" ui:wsdlLocation="WSDLs/ServiceMonitoring.wsdl">
    <interface.wsdl interface="http://hphc.org/common/wsdl/ServiceMonitor/V1#wsdl.interface(ServiceMonitoringPort)"/>
    <binding.ws port="http://hphc.org/common/wsdl/ServiceMonitor/V1#wsdl.endpoint(ServiceMonitoringBindingQSService/ServiceMonitoringBindingQSPort)"
                location="WSDLs/ServiceMonitoring.wsdl" soapVersion="1.1">
      <property name="weblogic.wsee.wsat.transaction.flowOption" type="xs:string" many="false">WSDLDriven</property>
    </binding.ws>
  </reference>
  <wire>
    <source.uri>bpelprocess1_client_ep</source.uri>
    <target.uri>BPELProcess1/bpelprocess1_client</target.uri>
  </wire>
  <wire>
    <source.uri>BPELProcess1/ReadFile</source.uri>
    <target.uri>ReadFile</target.uri>
  </wire>
  <wire>
    <source.uri>BPELProcess1/CreateFromHPHCDirectory</source.uri>
    <target.uri>CreateFromHPHCDirectory</target.uri>
  </wire>
  <wire>
    <source.uri>BPELProcess1/CopyFile</source.uri>
    <target.uri>CopyFile</target.uri>
  </wire>
  <wire>
    <source.uri>BPELProcess1/RenameFile</source.uri>
    <target.uri>RenameFile</target.uri>
  </wire>
  <wire>
    <source.uri>BPELProcess1/WriteFile</source.uri>
    <target.uri>WriteFile</target.uri>
  </wire>
  <wire>
    <source.uri>BPELProcess1/WriteToDB</source.uri>
    <target.uri>WriteToDB</target.uri>
  </wire>
  <wire>
    <source.uri>BPELProcess1/ReadMetaFile</source.uri>
    <target.uri>ReadMetaFile</target.uri>
  </wire>
  <wire>
    <source.uri>BPELProcess1/SVCMonitoring</source.uri>
    <target.uri>SVCMonitoring</target.uri>
  </wire>
  <wire>
    <source.uri>BPELProcess1/listFilesInFolders.test</source.uri>
    <target.uri>listFilesInFolders/test</target.uri>
  </wire>
</composite>
