<?xml version="1.0" encoding="UTF-8" ?>
<!-- Generated by Oracle SOA Modeler version 12.2.1.0.0.151013 at [8/25/16 6:27 PM]. -->
<composite name="IESN_BatchFileAdapter_27X"
           revision="1.0"
           label="2016-08-25_18-27-55_595"
           mode="active"
           state="on"
           xmlns="http://xmlns.oracle.com/sca/1.0"
           xmlns:xs="http://www.w3.org/2001/XMLSchema"
           xmlns:wsp="http://schemas.xmlsoap.org/ws/2004/09/policy"
           xmlns:orawsp="http://schemas.oracle.com/ws/2006/01/policy"
           xmlns:ui="http://xmlns.oracle.com/soa/designer/"
           xmlns:sca-ext="http://xmlns.oracle.com/sca/1.0-ext">
  <import namespace="http://xmlns.oracle.com/pcbpel/adapter/file/ServiceBusApplication/IESN_BatchFileAdapter_27X/GetNewFilesList"
          location="WSDLs/GetNewFilesList.wsdl" importType="wsdl"/>
  <import namespace="http://xmlns.oracle.com/pcbpel/adapter/file/ServiceBusApplication/IESN_BatchFileAdapter_27X/FileRead"
          location="WSDLs/FileRead.wsdl" importType="wsdl"/>
  <import namespace="http://xmlns.oracle.com/pcbpel/adapter/file/ServiceBusApplication/IESN_BatchFileAdapter_27X/FileArchive"
          location="WSDLs/FileArchive.wsdl" importType="wsdl"/>
  <import namespace="http://xmlns.oracle.com/pcbpel/adapter/file/ServiceBusApplication/IESN_BatchFileAdapter_27X/BusinessArchive"
          location="WSDLs/BusinessArchive.wsdl" importType="wsdl"/>
  <import namespace="http://xmlns.oracle.com/pcbpel/adapter/file/ServiceBusApplication/IESN_BatchFileAdapter_27X/XEInbound"
          location="WSDLs/XEInbound.wsdl" importType="wsdl"/>  
  <import namespace="http://xmlns.oracle.com/pcbpel/adapter/file/ServiceBusApplication/IESN_BatchFileAdapter_27X/WriteMetaFile"
          location="WSDLs/WriteMetaFile.wsdl" importType="wsdl"/>
  <import namespace="http://xmlns.oracle.com/pcbpel/adapter/file/SOAApplication/IESN_BatchFileAdapter_27X/ReadFTAMetaFile"
          location="WSDLs/ReadFTAMetaFile.wsdl" importType="wsdl"/>
  <import namespace="http://xmlns.oracle.com/pcbpel/adapter/file/SOAApplication/IESN_BatchFileAdapter_27X/ArchFTAMetaFile"
          location="WSDLs/ArchFTAMetaFile.wsdl" importType="wsdl"/>
  <import namespace="http://xmlns.oracle.com/pcbpel/adapter/db/ServiceBusApplication/IESN_BatchFileAdapter_27X/WriteToDB"
          location="WSDLs/WriteToDB.wsdl" importType="wsdl"/>
  <import namespace="http://xmlns.oracle.com/pcbpel/adapter/file/ServiceBusApplication/IESN_BatchFileAdapter_27X/PollNewFiles"
          location="WSDLs/PollNewFiles.wsdl" importType="wsdl"/>
  <import namespace="http://xmlns.oracle.com/pcbpel/adapter/file/SOAApplication/IESN_BatchFileAdapter_27X/PollCACHFiles"
          location="WSDLs/PollCACHFiles.wsdl" importType="wsdl"/>
  <import namespace="http://hphc.org/common/wsdl/ServiceMonitor/V1" location="WSDLs/ServiceMonitoring_1.wsdl"
          importType="wsdl"/>
  <import namespace="http://hphc.org/common/wsdl/ServiceMonitor/V1" location="WSDLs/ServiceMonitoring_1Wrapper.wsdl"
          importType="wsdl"/>
  <service name="PollNewFiles" ui:wsdlLocation="WSDLs/PollNewFiles.wsdl">
    <interface.wsdl interface="http://xmlns.oracle.com/pcbpel/adapter/file/ServiceBusApplication/IESN_BatchFileAdapter_27X/PollNewFiles#wsdl.interface(Read_ptt)"/>
    <binding.jca config="Adapters/PollNewFiles_file.jca">
      <property name="useRejectedMessageRecovery" type="xs:string" many="false" override="may">true</property>
    </binding.jca>
    <property name="POLL_DIR" type="xs:string" many="false" override="may">/apps/soa_n2vdev010/TEST/SOA/nehen</property>
  </service>
  <service name="PollCACHFiles" ui:wsdlLocation="WSDLs/PollCACHFiles.wsdl">
    <interface.wsdl interface="http://xmlns.oracle.com/pcbpel/adapter/file/SOAApplication/IESN_BatchFileAdapter_27X/PollCACHFiles#wsdl.interface(Read_ptt)"/>
    <binding.jca config="Adapters/PollCACHFiles_file.jca">
      <property name="useRejectedMessageRecovery" type="xs:string" many="false" override="may">true</property>
    </binding.jca>
    <property name="CACH_DIR" type="xs:string" many="false" override="may">/apps/soa_n2vdev010/TEST/SOA/caqh</property>
  </service>
  <property name="productVersion" type="xs:string" many="false">12.2.1.0.0.151013</property>
  <property name="compositeID" type="xs:string" many="false">4d3589fd-f4a6-48b7-98d8-2e2580377672</property>
  <component name="InboundBatchFileAdapter" version="2.0">
    <implementation.bpel src="BPEL/InboundBatchFileAdapter.bpel"/>
    <componentType>
      <service name="PollNewFiles" ui:wsdlLocation="WSDLs/PollNewFiles.wsdl">
        <interface.wsdl interface="http://xmlns.oracle.com/pcbpel/adapter/file/ServiceBusApplication/IESN_BatchFileAdapter_27X/PollNewFiles#wsdl.interface(Read_ptt)"/>
      </service>
      <service name="PollCACHFiles" ui:wsdlLocation="WSDLs/PollCACHFiles.wsdl">
        <interface.wsdl interface="http://xmlns.oracle.com/pcbpel/adapter/file/SOAApplication/IESN_BatchFileAdapter_27X/PollCACHFiles#wsdl.interface(Read_ptt)"/>
      </service>
      <reference name="GetNewFilesList" ui:wsdlLocation="WSDLs/GetNewFilesList.wsdl">
        <interface.wsdl interface="http://xmlns.oracle.com/pcbpel/adapter/file/ServiceBusApplication/IESN_BatchFileAdapter_27X/GetNewFilesList#wsdl.interface(FileListing_ptt)"/>
      </reference>
      <reference name="FileRead" ui:wsdlLocation="WSDLs/FileRead.wsdl">
        <interface.wsdl interface="http://xmlns.oracle.com/pcbpel/adapter/file/ServiceBusApplication/IESN_BatchFileAdapter_27X/FileRead#wsdl.interface(SynchRead_ptt)"/>
      </reference>
      <reference name="FileArchive" ui:wsdlLocation="WSDLs/FileArchive.wsdl">
        <interface.wsdl interface="http://xmlns.oracle.com/pcbpel/adapter/file/ServiceBusApplication/IESN_BatchFileAdapter_27X/FileArchive#wsdl.interface(Write_ptt)"/>
      </reference>
      <reference name="BusinessArchive" ui:wsdlLocation="WSDLs/BusinessArchive.wsdl">
        <interface.wsdl interface="http://xmlns.oracle.com/pcbpel/adapter/file/ServiceBusApplication/IESN_BatchFileAdapter_27X/BusinessArchive#wsdl.interface(Write_ptt)"/>
      </reference>
      <reference name="XEInbound" ui:wsdlLocation="WSDLs/XEInbound.wsdl">
        <interface.wsdl interface="http://xmlns.oracle.com/pcbpel/adapter/file/ServiceBusApplication/IESN_BatchFileAdapter_27X/XEInbound#wsdl.interface(Write_ptt)"/>
      </reference>     
      <reference name="WriteMetaFile" ui:wsdlLocation="WSDLs/WriteMetaFile.wsdl">
        <interface.wsdl interface="http://xmlns.oracle.com/pcbpel/adapter/file/ServiceBusApplication/IESN_BatchFileAdapter_27X/WriteMetaFile#wsdl.interface(Write_ptt)"/>
      </reference>
      <reference name="ReadFTAMetaFile" ui:wsdlLocation="WSDLs/ReadFTAMetaFile.wsdl">
        <interface.wsdl interface="http://xmlns.oracle.com/pcbpel/adapter/file/SOAApplication/IESN_BatchFileAdapter_27X/ReadFTAMetaFile#wsdl.interface(SynchRead_ptt)"/>
      </reference>
      <reference name="ArchFTAMetaFile" ui:wsdlLocation="WSDLs/ArchFTAMetaFile.wsdl">
        <interface.wsdl interface="http://xmlns.oracle.com/pcbpel/adapter/file/SOAApplication/IESN_BatchFileAdapter_27X/ArchFTAMetaFile#wsdl.interface(Write_ptt)"/>
      </reference>
	   <reference name="WriteToDB" ui:wsdlLocation="WSDLs/WriteToDB.wsdl">
        <interface.wsdl interface="http://xmlns.oracle.com/pcbpel/adapter/db/ServiceBusApplication/IESN_BatchFileAdapter_27X/WriteToDB#wsdl.interface(WriteToDB_ptt)"/>
      </reference>
      <reference name="SVCMonitoring" ui:wsdlLocation="WSDLs/ServiceMonitoring_1Wrapper.wsdl">
        <interface.wsdl interface="http://hphc.org/common/wsdl/ServiceMonitor/V1#wsdl.interface(ServiceMonitoringPort)"/>
      </reference>
    </componentType>
    <property name="bpel.config.oneWayDeliveryPolicy" type="xs:string" many="false">async.persist</property>
	<property name="bpel.config.auditLevel">Development</property>
  </component>
  <reference name="GetNewFilesList" ui:wsdlLocation="WSDLs/GetNewFilesList.wsdl">
    <interface.wsdl interface="http://xmlns.oracle.com/pcbpel/adapter/file/ServiceBusApplication/IESN_BatchFileAdapter_27X/GetNewFilesList#wsdl.interface(FileListing_ptt)"/>
    <binding.jca config="Adapters/GetNewFilesList_file.jca"/>
    <property name="LIST_DIR" type="xs:string" many="false" override="may">/apps/soa_n2vdev010/TEST/SOA/nehen</property>
  </reference>
  <reference name="FileRead" ui:wsdlLocation="WSDLs/FileRead.wsdl">
    <interface.wsdl interface="http://xmlns.oracle.com/pcbpel/adapter/file/ServiceBusApplication/IESN_BatchFileAdapter_27X/FileRead#wsdl.interface(SynchRead_ptt)"/>
    <binding.jca config="Adapters/FileRead_file.jca"/>
    <property name="FILE_DIR" type="xs:string" many="false" override="may">/apps/soa_n2vdev010/TEST/SOA/nehen</property>
  </reference>
  <reference name="FileArchive" ui:wsdlLocation="WSDLs/FileArchive.wsdl">
    <interface.wsdl interface="http://xmlns.oracle.com/pcbpel/adapter/file/ServiceBusApplication/IESN_BatchFileAdapter_27X/FileArchive#wsdl.interface(Write_ptt)"/>
    <binding.jca config="Adapters/FileArchive_file.jca"/>
    <property name="ARCH_DIR" type="xs:string" many="false" override="may">/apps/soa_n2vdev010/TEST/SOA/nehen</property>
  </reference>
  <reference name="BusinessArchive" ui:wsdlLocation="WSDLs/BusinessArchive.wsdl">
    <interface.wsdl interface="http://xmlns.oracle.com/pcbpel/adapter/file/ServiceBusApplication/IESN_BatchFileAdapter_27X/BusinessArchive#wsdl.interface(Write_ptt)"/>
    <binding.jca config="Adapters/BusinessArchive_file.jca"/>
    <property name="BIZARC_DIR" type="xs:string" many="false" override="may">/apps/soa_n2vdev010/TEST/SOA/nehen</property>
  </reference>
  <reference name="XEInbound" ui:wsdlLocation="WSDLs/XEInbound.wsdl">
    <interface.wsdl interface="http://xmlns.oracle.com/pcbpel/adapter/file/ServiceBusApplication/IESN_BatchFileAdapter_27X/XEInbound#wsdl.interface(Write_ptt)"/>
    <binding.jca config="Adapters/XEInbound_file.jca"/>
    <property name="XEIN_DIR" type="xs:string" many="false" override="may">/apps/soa_n2vdev010/TEST/SOA/nehen</property>
  </reference> 
  <reference name="WriteMetaFile" ui:wsdlLocation="WSDLs/WriteMetaFile.wsdl">
    <interface.wsdl interface="http://xmlns.oracle.com/pcbpel/adapter/file/ServiceBusApplication/IESN_BatchFileAdapter_27X/WriteMetaFile#wsdl.interface(Write_ptt)"/>
    <binding.jca config="Adapters/WriteMetaFile_file.jca"/>
    <property name="META_DIR" type="xs:string" many="false" override="may">/apps/soa_n2vdev010/TEST/SOA/nehen</property>
  </reference>
  <reference name="ReadFTAMetaFile" ui:wsdlLocation="WSDLs/ReadFTAMetaFile.wsdl">
    <interface.wsdl interface="http://xmlns.oracle.com/pcbpel/adapter/file/SOAApplication/IESN_BatchFileAdapter_27X/ReadFTAMetaFile#wsdl.interface(SynchRead_ptt)"/>
    <binding.jca config="Adapters/ReadFTAMetaFile_file.jca"/>
    <property name="FTA_META" type="xs:string" many="false" override="may">/apps/soa_n2vdev010/TEST/SOA/nehen</property>
  </reference>
  <reference name="ArchFTAMetaFile" ui:wsdlLocation="WSDLs/ArchFTAMetaFile.wsdl">
    <interface.wsdl interface="http://xmlns.oracle.com/pcbpel/adapter/file/SOAApplication/IESN_BatchFileAdapter_27X/ArchFTAMetaFile#wsdl.interface(Write_ptt)"/>
    <binding.jca config="Adapters/ArchFTAMetaFile_file.jca"/>
    <property name="FTA_ARCH" type="xs:string" many="false" override="may">/apps/soa_n2vdev010/TEST/SOA/nehen</property>
  </reference>
   <reference name="WriteToDB" ui:wsdlLocation="WSDLs/WriteToDB.wsdl">
    <interface.wsdl interface="http://xmlns.oracle.com/pcbpel/adapter/db/ServiceBusApplication/IESN_BatchFileAdapter_27X/WriteToDB#wsdl.interface(WriteToDB_ptt)"/>
    <binding.jca config="Adapters/WriteToDB_db.jca"/>
    <property name="jca.retry.count" type="xs:int" many="false" override="may">4</property>
    <property name="jca.retry.interval" type="xs:int" many="false" override="may">1</property>
    <property name="jca.retry.backoff" type="xs:int" many="false" override="may">2</property>
    <property name="jca.retry.maxInterval" type="xs:int" many="false" override="may">120</property>
  </reference>
  <reference name="SVCMonitoring" ui:wsdlLocation="WSDLs/ServiceMonitoring_1.wsdl">
    <interface.wsdl interface="http://hphc.org/common/wsdl/ServiceMonitor/V1#wsdl.interface(ServiceMonitoringPort)"/>
    <binding.ws port="http://hphc.org/common/wsdl/ServiceMonitor/V1#wsdl.endpoint(ServiceMonitoringBindingQSService/ServiceMonitoringBindingQSPort)"
                location="http://lxappd008a.hphc.org:8011/CommonResources/ProxyServices/ServiceMonitoring?wsdl"
                soapVersion="1.1">
      <property name="weblogic.wsee.wsat.transaction.flowOption" type="xs:string" many="false">WSDLDriven</property>
    </binding.ws>
  </reference>
  <wire>
    <source.uri>InboundBatchFileAdapter/GetNewFilesList</source.uri>
    <target.uri>GetNewFilesList</target.uri>
  </wire>
  <wire>
    <source.uri>InboundBatchFileAdapter/FileRead</source.uri>
    <target.uri>FileRead</target.uri>
  </wire>
  <wire>
    <source.uri>InboundBatchFileAdapter/FileArchive</source.uri>
    <target.uri>FileArchive</target.uri>
  </wire>
  <wire>
    <source.uri>InboundBatchFileAdapter/BusinessArchive</source.uri>
    <target.uri>BusinessArchive</target.uri>
  </wire>
  <wire>
    <source.uri>InboundBatchFileAdapter/XEInbound</source.uri>
    <target.uri>XEInbound</target.uri>
  </wire>  
  <wire>
    <source.uri>InboundBatchFileAdapter/WriteMetaFile</source.uri>
    <target.uri>WriteMetaFile</target.uri>
  </wire>
  <wire>
    <source.uri>InboundBatchFileAdapter/ReadFTAMetaFile</source.uri>
    <target.uri>ReadFTAMetaFile</target.uri>
  </wire>
  <wire>
    <source.uri>InboundBatchFileAdapter/ArchFTAMetaFile</source.uri>
    <target.uri>ArchFTAMetaFile</target.uri>
  </wire>
  <wire>
    <source.uri>InboundBatchFileAdapter/WriteToDB</source.uri>
    <target.uri>WriteToDB</target.uri>
  </wire>
  <wire>
    <source.uri>PollNewFiles</source.uri>
    <target.uri>InboundBatchFileAdapter/PollNewFiles</target.uri>
  </wire>
  <wire>
    <source.uri>PollCACHFiles</source.uri>
    <target.uri>InboundBatchFileAdapter/PollCACHFiles</target.uri>
  </wire>
  <wire>
    <source.uri>InboundBatchFileAdapter/SVCMonitoring</source.uri>
    <target.uri>SVCMonitoring</target.uri>
  </wire>
</composite>
