<?xml version = '1.0' encoding = 'UTF-8'?>
<!DOCTYPE properties SYSTEM "http://java.sun.com/dtd/properties.dtd">
<properties>
   <entry key="EDI_BATCH_FILES.LAST_UPD_BY:db_column_size">100</entry>
   <entry key="EDI_BATCH_FILES.CHANNEL:db_column_size">100</entry>
   <entry key="EDI_BATCH_FILES.IN_FILE_NM:db_column_type">VARCHAR2</entry>
   <entry key="EDI_BATCH_FILES.ACCESS_ID:db_column_type">VARCHAR2</entry>
   <entry key="EDI_BATCH_FILES.TRX_TYPE:db_column_not_null">false</entry>
   <entry key="EDI_BATCH_FILES.STATUS:db_column_size">100</entry>
   <entry key="EDI_BATCH_FILES:db_table_type">TABLE</entry>
   <entry key="EDI_BATCH_FILES.TRX_TYPE:db_column_size">100</entry>
   <entry key="EDI_BATCH_FILES.TRX_ID:db_column_type">VARCHAR2</entry>
   <entry key="EDI_BATCH_FILES.TRX_ID:db_column_not_null">false</entry>
   <entry key="EDI_BATCH_FILES.IN_FILE_NM:db_column_size">100</entry>
   <entry key="EDI_BATCH_FILES.LAST_UPD_BY:db_column_type">VARCHAR2</entry>
   <entry key="EDI_BATCH_FILES.ACCESS_ID:db_column_not_null">false</entry>
   <entry key="EDI_BATCH_FILES.ACCESS_ID:db_column_size">100</entry>
   <entry key="EDI_BATCH_FILES.LAST_UPD_BY:db_column_not_null">false</entry>
   <entry key="root_descriptor_alias">EDI_BATCH_FILES</entry>
   <entry key="EDI_BATCH_FILES.CHANNEL:db_column_type">VARCHAR2</entry>
   <entry key="EDI_BATCH_FILES.IN_FILE_NM:db_column_not_null">false</entry>
   <entry key="EDI_BATCH_FILES.TRX_ID:db_column_size">100</entry>
   <entry key="EDI_BATCH_FILES:db_column_6">ACCESS_ID</entry>
   <entry key="EDI_BATCH_FILES:db_column_5">LAST_UPD_BY</entry>
   <entry key="EDI_BATCH_FILES.CHANNEL:db_column_not_null">false</entry>
   <entry key="EDI_BATCH_FILES:db_column_4">STATUS</entry>
   <entry key="EDI_BATCH_FILES.STATUS:db_column_type">VARCHAR2</entry>
   <entry key="EDI_BATCH_FILES:db_column_3">CHANNEL</entry>
   <entry key="EDI_BATCH_FILES:db_column_2">TRX_TYPE</entry>
   <entry key="EDI_BATCH_FILES:db_column_1">IN_FILE_NM</entry>
   <entry key="EDI_BATCH_FILES.TRX_TYPE:db_column_type">VARCHAR2</entry>
   <entry key="EDI_BATCH_FILES.STATUS:db_column_not_null">false</entry>
   <entry key="EDI_BATCH_FILES:db_column_0">TRX_ID</entry>
</properties>