<?xml version = '1.0' encoding = 'UTF-8'?>
<graphics>
   <diagram optimizeLayout="false" fixedWidthSwimlanes="true" roundedPartnerlinks="true" centerZoom="true" validateOnLoad="true" confirmBeforeDelete="true" selectedPartnerLinkColor="49,105,198" swimlaneBackground="240,240,240" swimlaneDividerBackground="218,218,218" graphBackground="255,255,255" selectedBorderBackground="49,105,198" connectedPartnerLinkColor="204,204,255" connectablePartnerLinkColor="0,0,255" unconnectedPartnerLinkColor="192,192,192"/>
   <annotationfile/>
   <iconize/>
   <partnerlink_locations>
      <partnerlink name="PollCACHFiles" x="9" y="30" side="left"/>
      <partnerlink name="FileRead" x="9" y="1506" side="left"/>
      <partnerlink name="BusinessArchive" x="9" y="1794" side="left"/>
      <partnerlink name="WriteToDB" x="9" y="2082" side="left"/>
      <partnerlink name="ReadFTAMetaFile" x="1301" y="1144" side="right"/>
      <partnerlink name="PollNewFiles" x="1301" y="97" side="right"/>
      <partnerlink name="SVCMonitoring" x="1301" y="339" side="right"/>
      <partnerlink name="GetNewFilesList" x="1301" y="425" side="right"/>
      <partnerlink name="FileArchive" x="1301" y="1698" side="right"/>
      <partnerlink name="XEInbound" x="1301" y="1890" side="right"/>
      <partnerlink name="WriteMetaFile" x="1301" y="1986" side="right"/>
      <partnerlink name="ArchFTAMetaFile" x="1301" y="1336" side="right"/>
   </partnerlink_locations>
   <graph_layout viewport="0,1391,1066,416" show_swimlanes="true">
      <layout_item collapsed="false" xpath="/process" type="process" showhandlers="true"/>
      <layout_item collapsed="false" xpath="/process/sequence" type="sequence"/>
      <layout_item collapsed="false" xpath="/process/sequence/scope" type="scope" showhandlers="true"/>
      <layout_item collapsed="false" xpath="/process/sequence/scope/faultHandlers/catchAll" type="catchall"/>
      <layout_item collapsed="false" xpath="/process/sequence/scope/faultHandlers/catchAll/sequence" type="sequence"/>
      <layout_item collapsed="false" xpath="/process/sequence/scope/sequence" type="sequence"/>
      <layout_item collapsed="false" xpath="/process/sequence/scope/sequence/pick" type="pick"/>
      <layout_item collapsed="false" xpath="/process/sequence/scope/sequence/pick/onMessage[1]" type="onMessage"/>
      <layout_item collapsed="false" xpath="/process/sequence/scope/sequence/pick/onMessage[2]" type="onMessage"/>
      <layout_item collapsed="false" xpath="/process/sequence/scope/sequence/while" type="while"/>
      <layout_item collapsed="false" xpath="/process/sequence/scope/sequence/while/sequence" type="sequence"/>
      <layout_item collapsed="false" xpath="/process/sequence/scope/sequence/while/sequence/if/else/sequence" type="sequence"/>
   </graph_layout>
   <bookmarks/>
</graphics>
