<?xml version = '1.0' encoding = 'UTF-8'?>
<!DOCTYPE properties SYSTEM "http://java.sun.com/dtd/properties.dtd">
<properties>
   <entry key="root_descriptor_alias">EDI_BATCH_FILES</entry>
   <entry key="EDI_BATCH_FILES.LAST_MODIFIED_DT:db_column_not_null">false</entry>
   <entry key="EDI_BATCH_FILES.ACCESS_ID:db_column_not_null">false</entry>
   <entry key="EDI_BATCH_FILES.LAST_MODIFIED_DT:db_column_type">DATE</entry>
   <entry key="EDI_BATCH_FILES.CHANNEL:db_column_size">55</entry>
   <entry key="EDI_BATCH_FILES.TRX_ID:db_column_size">32</entry>
   <entry key="EDI_BATCH_FILES.STATUS:db_column_size">10</entry>
   <entry key="EDI_BATCH_FILES.IN_FILE_NM:db_column_size">255</entry>
   <entry key="EDI_BATCH_FILES.ACK_TA1_URI:db_column_type">VARCHAR2</entry>
   <entry key="EDI_BATCH_FILES:db_table_type">TABLE</entry>
   <entry key="EDI_BATCH_FILES.ACCESS_ID:db_column_type">VARCHAR2</entry>
   <entry key="EDI_BATCH_FILES:db_column_9">LDNS_RPT_URI</entry>
   <entry key="EDI_BATCH_FILES:db_column_8">ACK_TA1_URI</entry>
   <entry key="EDI_BATCH_FILES:db_column_7">ACK_997_URI</entry>
   <entry key="EDI_BATCH_FILES:db_column_6">OUT_FILE_NM</entry>
   <entry key="EDI_BATCH_FILES:db_column_5">STATUS</entry>
   <entry key="EDI_BATCH_FILES:db_column_4">CHANNEL</entry>
   <entry key="EDI_BATCH_FILES:db_column_3">TRX_TYPE</entry>
   <entry key="EDI_BATCH_FILES:db_column_2">RECVD_DT</entry>
   <entry key="EDI_BATCH_FILES:db_column_1">IN_FILE_NM</entry>
   <entry key="EDI_BATCH_FILES:db_column_0">TRX_ID</entry>
   <entry key="EDI_BATCH_FILES.RECVD_DT:db_column_type">DATE</entry>
   <entry key="EDI_BATCH_FILES.TRX_TYPE:db_column_not_null">false</entry>
   <entry key="EDI_BATCH_FILES.ACK_997_URI:db_column_type">VARCHAR2</entry>
   <entry key="EDI_BATCH_FILES.ACK_TA1_URI:db_column_size">255</entry>
   <entry key="EDI_BATCH_FILES.ACCESS_ID:db_column_size">50</entry>
   <entry key="EDI_BATCH_FILES.TRX_TYPE:db_column_type">VARCHAR2</entry>
   <entry key="EDI_BATCH_FILES.ACK_TA1_URI:db_column_not_null">false</entry>
   <entry key="EDI_BATCH_FILES.OUT_FILE_NM:db_column_type">VARCHAR2</entry>
   <entry key="EDI_BATCH_FILES.RECVD_DT:db_column_not_null">false</entry>
   <entry key="EDI_BATCH_FILES.AUDIT_RPT_URI:db_column_not_null">false</entry>
   <entry key="EDI_BATCH_FILES.ACK_997_URI:db_column_size">255</entry>
   <entry key="EDI_BATCH_FILES.AUDIT_RPT_URI:db_column_type">VARCHAR2</entry>
   <entry key="EDI_BATCH_FILES.TRX_TYPE:db_column_size">10</entry>
   <entry key="EDI_BATCH_FILES.CHANNEL:db_column_not_null">false</entry>
   <entry key="EDI_BATCH_FILES.LDNS_RPT_URI:db_column_not_null">false</entry>
   <entry key="EDI_BATCH_FILES.IN_FILE_NM:db_column_not_null">false</entry>
   <entry key="EDI_BATCH_FILES.OUT_FILE_NM:db_column_size">255</entry>
   <entry key="EDI_BATCH_FILES.LAST_UPD_BY:db_column_not_null">false</entry>
   <entry key="EDI_BATCH_FILES.LDNS_RPT_URI:db_column_type">VARCHAR2</entry>
   <entry key="EDI_BATCH_FILES.OUT_FILE_NM:db_column_not_null">false</entry>
   <entry key="EDI_BATCH_FILES:db_column_13">LAST_MODIFIED_DT</entry>
   <entry key="EDI_BATCH_FILES:db_column_12">LAST_UPD_BY</entry>
   <entry key="EDI_BATCH_FILES:db_column_11">ACCESS_ID</entry>
   <entry key="EDI_BATCH_FILES.AUDIT_RPT_URI:db_column_size">255</entry>
   <entry key="EDI_BATCH_FILES:db_column_10">AUDIT_RPT_URI</entry>
   <entry key="EDI_BATCH_FILES.ACK_997_URI:db_column_not_null">false</entry>
   <entry key="EDI_BATCH_FILES.LAST_UPD_BY:db_column_type">VARCHAR2</entry>
   <entry key="EDI_BATCH_FILES.LDNS_RPT_URI:db_column_size">255</entry>
   <entry key="EDI_BATCH_FILES.TRX_ID:db_column_not_null">true</entry>
   <entry key="EDI_BATCH_FILES.CHANNEL:db_column_type">VARCHAR2</entry>
   <entry key="EDI_BATCH_FILES.LAST_UPD_BY:db_column_size">100</entry>
   <entry key="EDI_BATCH_FILES.TRX_ID:db_column_type">VARCHAR2</entry>
   <entry key="EDI_BATCH_FILES.STATUS:db_column_not_null">true</entry>
   <entry key="EDI_BATCH_FILES.STATUS:db_column_type">VARCHAR2</entry>
   <entry key="EDI_BATCH_FILES.IN_FILE_NM:db_column_type">VARCHAR2</entry>
</properties>