<?xml version="1.0" encoding="UTF-8"?>
<dgm:gDiagram xmlns:dgm="http://xmlns.oracle.com/sca/soadgm">
    <dgm:gService name="PollNewFiles">
        <dgm:body borderWidth="2" arcRad="20" X="21" Y="471" width="137" height="84">
            <dgm:borderColor r="153" g="153" b="153"/>
            <dgm:bgColor r="255" g="255" b="255"/>
        </dgm:body>
        <dgm:shadow arcRad="20" X="11" Y="464" width="156" height="98">
            <dgm:bgColor r="196" g="228" b="240"/>
        </dgm:shadow>
        <dgm:outputPort name="PollNewFiles" X="127" Y="0" diameter="20" imageURI="oracle/tip/tools/ide/fabric/resource/image/visuals_rd1/servicereference.png" interface="http://xmlns.oracle.com/pcbpel/adapter/file/ServiceBusApplication/IESN_BatchFileAdapter_27X/PollNewFiles#wsdl.interface(Read_ptt)"/>
        <dgm:nodeIcon URI="/oracle/tip/tools/ide/adapters/designtime/adapter/images/file_adapter_20x20.png" X="20" Y="4" width="20" height="20"/>
        <dgm:operations>
            <dgm:item>Read</dgm:item>
        </dgm:operations>
    </dgm:gService>
    <dgm:gService name="PollCACHFiles">
        <dgm:body borderWidth="2" arcRad="20" X="21" Y="616" width="137" height="84">
            <dgm:borderColor r="153" g="153" b="153"/>
            <dgm:bgColor r="255" g="255" b="255"/>
        </dgm:body>
        <dgm:shadow arcRad="20" X="11" Y="609" width="156" height="98">
            <dgm:bgColor r="196" g="228" b="240"/>
        </dgm:shadow>
        <dgm:outputPort name="PollCACHFiles" X="127" Y="0" diameter="20" imageURI="oracle/tip/tools/ide/fabric/resource/image/visuals_rd1/servicereference.png" interface="http://xmlns.oracle.com/pcbpel/adapter/file/SOAApplication/IESN_BatchFileAdapter_27X/PollCACHFiles#wsdl.interface(Read_ptt)"/>
        <dgm:nodeIcon URI="/oracle/tip/tools/ide/adapters/designtime/adapter/images/file_adapter_20x20.png" X="20" Y="4" width="20" height="20"/>
        <dgm:operations>
            <dgm:item>Read</dgm:item>
        </dgm:operations>
    </dgm:gService>
    <dgm:gReference name="GetNewFilesList">
        <dgm:body borderWidth="2" arcRad="20" X="810" Y="26" width="136" height="84">
            <dgm:borderColor r="153" g="153" b="153"/>
            <dgm:bgColor r="255" g="255" b="255"/>
        </dgm:body>
        <dgm:shadow arcRad="20" X="800" Y="19" width="156" height="98">
            <dgm:bgColor r="196" g="228" b="240"/>
        </dgm:shadow>
        <dgm:inputPort name="GetNewFilesList" X="-10" Y="0" diameter="20" imageURI="oracle/tip/tools/ide/fabric/resource/image/visuals_rd1/servicereference.png" interface="http://xmlns.oracle.com/pcbpel/adapter/file/ServiceBusApplication/IESN_BatchFileAdapter_27X/GetNewFilesList#wsdl.interface(FileListing_ptt)"/>
        <dgm:nodeIcon URI="/oracle/tip/tools/ide/adapters/designtime/adapter/images/file_adapter_20x20.png" X="27" Y="4" width="20" height="20"/>
        <dgm:operations>
            <dgm:item>FileListing</dgm:item>
        </dgm:operations>
    </dgm:gReference>
    <dgm:gReference name="FileRead">
        <dgm:body borderWidth="2" arcRad="20" X="810" Y="144" width="136" height="84">
            <dgm:borderColor r="153" g="153" b="153"/>
            <dgm:bgColor r="255" g="255" b="255"/>
        </dgm:body>
        <dgm:shadow arcRad="20" X="800" Y="137" width="156" height="98">
            <dgm:bgColor r="196" g="228" b="240"/>
        </dgm:shadow>
        <dgm:inputPort name="FileRead" X="-10" Y="0" diameter="20" imageURI="oracle/tip/tools/ide/fabric/resource/image/visuals_rd1/servicereference.png" interface="http://xmlns.oracle.com/pcbpel/adapter/file/ServiceBusApplication/IESN_BatchFileAdapter_27X/FileRead#wsdl.interface(SynchRead_ptt)"/>
        <dgm:nodeIcon URI="/oracle/tip/tools/ide/adapters/designtime/adapter/images/file_adapter_20x20.png" X="27" Y="4" width="20" height="20"/>
        <dgm:operations>
            <dgm:item>SynchRead</dgm:item>
        </dgm:operations>
    </dgm:gReference>
    <dgm:gReference name="FileArchive">
        <dgm:body borderWidth="2" arcRad="20" X="810" Y="262" width="136" height="84">
            <dgm:borderColor r="153" g="153" b="153"/>
            <dgm:bgColor r="255" g="255" b="255"/>
        </dgm:body>
        <dgm:shadow arcRad="20" X="800" Y="255" width="156" height="98">
            <dgm:bgColor r="196" g="228" b="240"/>
        </dgm:shadow>
        <dgm:inputPort name="FileArchive" X="-10" Y="0" diameter="20" imageURI="oracle/tip/tools/ide/fabric/resource/image/visuals_rd1/servicereference.png" interface="http://xmlns.oracle.com/pcbpel/adapter/file/ServiceBusApplication/IESN_BatchFileAdapter_27X/FileArchive#wsdl.interface(Write_ptt)"/>
        <dgm:nodeIcon URI="/oracle/tip/tools/ide/adapters/designtime/adapter/images/file_adapter_20x20.png" X="27" Y="4" width="20" height="20"/>
        <dgm:operations>
            <dgm:item>Write</dgm:item>
        </dgm:operations>
    </dgm:gReference>
    <dgm:gReference name="BusinessArchive">
        <dgm:body borderWidth="2" arcRad="20" X="810" Y="380" width="136" height="84">
            <dgm:borderColor r="153" g="153" b="153"/>
            <dgm:bgColor r="255" g="255" b="255"/>
        </dgm:body>
        <dgm:shadow arcRad="20" X="800" Y="373" width="156" height="98">
            <dgm:bgColor r="196" g="228" b="240"/>
        </dgm:shadow>
        <dgm:inputPort name="BusinessArchive" X="-10" Y="0" diameter="20" imageURI="oracle/tip/tools/ide/fabric/resource/image/visuals_rd1/servicereference.png" interface="http://xmlns.oracle.com/pcbpel/adapter/file/ServiceBusApplication/IESN_BatchFileAdapter_27X/BusinessArchive#wsdl.interface(Write_ptt)"/>
        <dgm:nodeIcon URI="/oracle/tip/tools/ide/adapters/designtime/adapter/images/file_adapter_20x20.png" X="27" Y="4" width="20" height="20"/>
        <dgm:operations>
            <dgm:item>Write</dgm:item>
        </dgm:operations>
    </dgm:gReference>
    <dgm:gReference name="XEInbound">
        <dgm:body borderWidth="2" arcRad="20" X="810" Y="498" width="136" height="84">
            <dgm:borderColor r="153" g="153" b="153"/>
            <dgm:bgColor r="255" g="255" b="255"/>
        </dgm:body>
        <dgm:shadow arcRad="20" X="800" Y="491" width="156" height="98">
            <dgm:bgColor r="196" g="228" b="240"/>
        </dgm:shadow>
        <dgm:inputPort name="XEInbound" X="-10" Y="0" diameter="20" imageURI="oracle/tip/tools/ide/fabric/resource/image/visuals_rd1/servicereference.png" interface="http://xmlns.oracle.com/pcbpel/adapter/file/ServiceBusApplication/IESN_BatchFileAdapter_27X/XEInbound#wsdl.interface(Write_ptt)"/>
        <dgm:nodeIcon URI="/oracle/tip/tools/ide/adapters/designtime/adapter/images/file_adapter_20x20.png" X="27" Y="4" width="20" height="20"/>
        <dgm:operations>
            <dgm:item>Write</dgm:item>
        </dgm:operations>
    </dgm:gReference>
    <dgm:gReference name="WriteMetaFile">
        <dgm:body borderWidth="2" arcRad="20" X="810" Y="616" width="136" height="84">
            <dgm:borderColor r="153" g="153" b="153"/>
            <dgm:bgColor r="255" g="255" b="255"/>
        </dgm:body>
        <dgm:shadow arcRad="20" X="800" Y="609" width="156" height="98">
            <dgm:bgColor r="196" g="228" b="240"/>
        </dgm:shadow>
        <dgm:inputPort name="WriteMetaFile" X="-10" Y="0" diameter="20" imageURI="oracle/tip/tools/ide/fabric/resource/image/visuals_rd1/servicereference.png" interface="http://xmlns.oracle.com/pcbpel/adapter/file/ServiceBusApplication/IESN_BatchFileAdapter_27X/WriteMetaFile#wsdl.interface(Write_ptt)"/>
        <dgm:nodeIcon URI="/oracle/tip/tools/ide/adapters/designtime/adapter/images/file_adapter_20x20.png" X="27" Y="4" width="20" height="20"/>
        <dgm:operations>
            <dgm:item>Write</dgm:item>
        </dgm:operations>
    </dgm:gReference>
    <dgm:gReference name="ReadFTAMetaFile">
        <dgm:body borderWidth="2" arcRad="20" X="810" Y="734" width="136" height="84">
            <dgm:borderColor r="153" g="153" b="153"/>
            <dgm:bgColor r="255" g="255" b="255"/>
        </dgm:body>
        <dgm:shadow arcRad="20" X="800" Y="727" width="156" height="98">
            <dgm:bgColor r="196" g="228" b="240"/>
        </dgm:shadow>
        <dgm:inputPort name="ReadFTAMetaFile" X="-10" Y="0" diameter="20" imageURI="oracle/tip/tools/ide/fabric/resource/image/visuals_rd1/servicereference.png" interface="http://xmlns.oracle.com/pcbpel/adapter/file/SOAApplication/IESN_BatchFileAdapter_27X/ReadFTAMetaFile#wsdl.interface(SynchRead_ptt)"/>
        <dgm:nodeIcon URI="/oracle/tip/tools/ide/adapters/designtime/adapter/images/file_adapter_20x20.png" X="27" Y="4" width="20" height="20"/>
        <dgm:operations>
            <dgm:item>SynchRead</dgm:item>
        </dgm:operations>
    </dgm:gReference>
    <dgm:gReference name="ArchFTAMetaFile">
        <dgm:body borderWidth="2" arcRad="20" X="810" Y="852" width="136" height="84">
            <dgm:borderColor r="153" g="153" b="153"/>
            <dgm:bgColor r="255" g="255" b="255"/>
        </dgm:body>
        <dgm:shadow arcRad="20" X="800" Y="845" width="156" height="98">
            <dgm:bgColor r="196" g="228" b="240"/>
        </dgm:shadow>
        <dgm:inputPort name="ArchFTAMetaFile" X="-10" Y="0" diameter="20" imageURI="oracle/tip/tools/ide/fabric/resource/image/visuals_rd1/servicereference.png" interface="http://xmlns.oracle.com/pcbpel/adapter/file/SOAApplication/IESN_BatchFileAdapter_27X/ArchFTAMetaFile#wsdl.interface(Write_ptt)"/>
        <dgm:nodeIcon URI="/oracle/tip/tools/ide/adapters/designtime/adapter/images/file_adapter_20x20.png" X="27" Y="4" width="20" height="20"/>
        <dgm:operations>
            <dgm:item>Write</dgm:item>
        </dgm:operations>
    </dgm:gReference>
    <dgm:gReference name="WriteToDB">
        <dgm:body borderWidth="2" arcRad="20" X="810" Y="970" width="136" height="84">
            <dgm:borderColor r="153" g="153" b="153"/>
            <dgm:bgColor r="255" g="255" b="255"/>
        </dgm:body>
        <dgm:shadow arcRad="20" X="800" Y="963" width="156" height="98">
            <dgm:bgColor r="196" g="228" b="240"/>
        </dgm:shadow>
        <dgm:inputPort name="WriteToDB" X="-10" Y="0" diameter="20" imageURI="oracle/tip/tools/ide/fabric/resource/image/visuals_rd1/servicereference.png" interface="http://xmlns.oracle.com/pcbpel/adapter/db/ServiceBusApplication/IESN_BatchFileAdapter_27X/WriteToDB#wsdl.interface(WriteToDB_ptt)"/>
        <dgm:nodeIcon URI="/oracle/tip/tools/ide/adapters/designtime/adapter/images/db_adapter_20x20.png" X="27" Y="4" width="20" height="20"/>
        <dgm:operations>
            <dgm:item>insert</dgm:item>
        </dgm:operations>
    </dgm:gReference>
    <dgm:gReference name="SVCMonitoring">
        <dgm:body borderWidth="2" arcRad="20" X="810" Y="1088" width="136" height="84">
            <dgm:borderColor r="153" g="153" b="153"/>
            <dgm:bgColor r="255" g="255" b="255"/>
        </dgm:body>
        <dgm:shadow arcRad="20" X="800" Y="1081" width="156" height="98">
            <dgm:bgColor r="196" g="228" b="240"/>
        </dgm:shadow>
        <dgm:inputPort name="SVCMonitoring" X="-10" Y="0" diameter="20" imageURI="oracle/tip/tools/ide/fabric/resource/image/visuals_rd1/servicereference.png" interface="http://hphc.org/common/wsdl/ServiceMonitor/V1#wsdl.interface(ServiceMonitoringPort)"/>
        <dgm:nodeIcon URI="/oracle/tip/tools/ide/adapters/designtime/adapter/images/soap_service_20x20.png" X="27" Y="4" width="20" height="20"/>
        <dgm:operations>
            <dgm:item>SvcMonitor</dgm:item>
        </dgm:operations>
    </dgm:gReference>
    <dgm:gComponent name="InboundBatchFileAdapter">
        <dgm:body borderWidth="2" arcRad="20" X="419" Y="456" width="130" height="286">
            <dgm:borderColor r="69" g="113" b="140"/>
            <dgm:lightBgColor r="166" g="208" b="230"/>
            <dgm:darkBgColor r="99" g="162" b="201"/>
        </dgm:body>
        <dgm:shadow arcRad="20" X="409" Y="449" width="150" height="302">
            <dgm:bgColor r="196" g="228" b="240"/>
        </dgm:shadow>
        <dgm:inputPort name="PollNewFiles" X="-10" Y="15" diameter="20" imageURI="oracle/tip/tools/ide/fabric/resource/image/visuals_rd1/servicereference.png" interface="http://xmlns.oracle.com/pcbpel/adapter/file/ServiceBusApplication/IESN_BatchFileAdapter_27X/PollNewFiles#wsdl.interface(Read_ptt)"/>
        <dgm:inputPort name="PollCACHFiles" X="-10" Y="40" diameter="20" imageURI="oracle/tip/tools/ide/fabric/resource/image/visuals_rd1/servicereference.png" interface="http://xmlns.oracle.com/pcbpel/adapter/file/SOAApplication/IESN_BatchFileAdapter_27X/PollCACHFiles#wsdl.interface(Read_ptt)"/>
        <dgm:outputPort name="GetNewFilesList" X="120" Y="15" diameter="20" imageURI="oracle/tip/tools/ide/fabric/resource/image/visuals_rd1/servicereference.png" interface="http://xmlns.oracle.com/pcbpel/adapter/file/ServiceBusApplication/IESN_BatchFileAdapter_27X/GetNewFilesList#wsdl.interface(FileListing_ptt)"/>
        <dgm:outputPort name="FileRead" X="120" Y="40" diameter="20" imageURI="oracle/tip/tools/ide/fabric/resource/image/visuals_rd1/servicereference.png" interface="http://xmlns.oracle.com/pcbpel/adapter/file/ServiceBusApplication/IESN_BatchFileAdapter_27X/FileRead#wsdl.interface(SynchRead_ptt)"/>
        <dgm:outputPort name="FileArchive" X="120" Y="65" diameter="20" imageURI="oracle/tip/tools/ide/fabric/resource/image/visuals_rd1/servicereference.png" interface="http://xmlns.oracle.com/pcbpel/adapter/file/ServiceBusApplication/IESN_BatchFileAdapter_27X/FileArchive#wsdl.interface(Write_ptt)"/>
        <dgm:outputPort name="BusinessArchive" X="120" Y="90" diameter="20" imageURI="oracle/tip/tools/ide/fabric/resource/image/visuals_rd1/servicereference.png" interface="http://xmlns.oracle.com/pcbpel/adapter/file/ServiceBusApplication/IESN_BatchFileAdapter_27X/BusinessArchive#wsdl.interface(Write_ptt)"/>
        <dgm:outputPort name="XEInbound" X="120" Y="115" diameter="20" imageURI="oracle/tip/tools/ide/fabric/resource/image/visuals_rd1/servicereference.png" interface="http://xmlns.oracle.com/pcbpel/adapter/file/ServiceBusApplication/IESN_BatchFileAdapter_27X/XEInbound#wsdl.interface(Write_ptt)"/>
        <dgm:outputPort name="WriteMetaFile" X="120" Y="140" diameter="20" imageURI="oracle/tip/tools/ide/fabric/resource/image/visuals_rd1/servicereference.png" interface="http://xmlns.oracle.com/pcbpel/adapter/file/ServiceBusApplication/IESN_BatchFileAdapter_27X/WriteMetaFile#wsdl.interface(Write_ptt)"/>
        <dgm:outputPort name="ReadFTAMetaFile" X="120" Y="165" diameter="20" imageURI="oracle/tip/tools/ide/fabric/resource/image/visuals_rd1/servicereference.png" interface="http://xmlns.oracle.com/pcbpel/adapter/file/SOAApplication/IESN_BatchFileAdapter_27X/ReadFTAMetaFile#wsdl.interface(SynchRead_ptt)"/>
        <dgm:outputPort name="ArchFTAMetaFile" X="120" Y="190" diameter="20" imageURI="oracle/tip/tools/ide/fabric/resource/image/visuals_rd1/servicereference.png" interface="http://xmlns.oracle.com/pcbpel/adapter/file/SOAApplication/IESN_BatchFileAdapter_27X/ArchFTAMetaFile#wsdl.interface(Write_ptt)"/>
        <dgm:outputPort name="WriteToDB" X="120" Y="215" diameter="20" imageURI="oracle/tip/tools/ide/fabric/resource/image/visuals_rd1/servicereference.png" interface="http://xmlns.oracle.com/pcbpel/adapter/db/ServiceBusApplication/IESN_BatchFileAdapter_27X/WriteToDB#wsdl.interface(WriteToDB_ptt)"/>
        <dgm:outputPort name="SVCMonitoring" X="120" Y="240" diameter="20" imageURI="oracle/tip/tools/ide/fabric/resource/image/visuals_rd1/servicereference.png" interface="http://hphc.org/common/wsdl/ServiceMonitor/V1#wsdl.interface(ServiceMonitoringPort)"/>
        <dgm:nodeIcon URI="/oracle/tip/tools/ide/bpel/shared/plugins/resources/images/soa/process_20x20.png" X="10" Y="4" width="20" height="20"/>
    </dgm:gComponent>
    <dgm:gWireLink source="InboundBatchFileAdapter/GetNewFilesList" target="GetNewFilesList" width="2">
        <dgm:gSegment X1="559" Y1="481" X2="583" Y2="481"/>
        <dgm:gSegment X1="583" Y1="481" X2="583" Y2="36"/>
        <dgm:gSegment X1="583" Y1="36" X2="800" Y2="36"/>
        <dgm:baseColor r="153" g="153" b="153"/>
        <dgm:selectedColor r="49" g="106" b="196"/>
    </dgm:gWireLink>
    <dgm:gWireLink source="InboundBatchFileAdapter/FileRead" target="FileRead" width="2">
        <dgm:gSegment X1="559" Y1="506" X2="598" Y2="506"/>
        <dgm:gSegment X1="598" Y1="506" X2="598" Y2="154"/>
        <dgm:gSegment X1="598" Y1="154" X2="800" Y2="154"/>
        <dgm:baseColor r="153" g="153" b="153"/>
        <dgm:selectedColor r="49" g="106" b="196"/>
    </dgm:gWireLink>
    <dgm:gWireLink source="InboundBatchFileAdapter/FileArchive" target="FileArchive" width="2">
        <dgm:gSegment X1="559" Y1="531" X2="613" Y2="531"/>
        <dgm:gSegment X1="613" Y1="531" X2="613" Y2="272"/>
        <dgm:gSegment X1="613" Y1="272" X2="800" Y2="272"/>
        <dgm:baseColor r="153" g="153" b="153"/>
        <dgm:selectedColor r="49" g="106" b="196"/>
    </dgm:gWireLink>
    <dgm:gWireLink source="InboundBatchFileAdapter/BusinessArchive" target="BusinessArchive" width="2">
        <dgm:gSegment X1="559" Y1="556" X2="628" Y2="556"/>
        <dgm:gSegment X1="628" Y1="556" X2="628" Y2="390"/>
        <dgm:gSegment X1="628" Y1="390" X2="800" Y2="390"/>
        <dgm:baseColor r="153" g="153" b="153"/>
        <dgm:selectedColor r="49" g="106" b="196"/>
    </dgm:gWireLink>
    <dgm:gWireLink source="InboundBatchFileAdapter/XEInbound" target="XEInbound" width="2">
        <dgm:gSegment X1="559" Y1="581" X2="643" Y2="581"/>
        <dgm:gSegment X1="643" Y1="581" X2="643" Y2="508"/>
        <dgm:gSegment X1="643" Y1="508" X2="800" Y2="508"/>
        <dgm:baseColor r="153" g="153" b="153"/>
        <dgm:selectedColor r="49" g="106" b="196"/>
    </dgm:gWireLink>
    <dgm:gWireLink source="InboundBatchFileAdapter/WriteMetaFile" target="WriteMetaFile" width="2">
        <dgm:gSegment X1="559" Y1="606" X2="643" Y2="606"/>
        <dgm:gSegment X1="643" Y1="606" X2="643" Y2="626"/>
        <dgm:gSegment X1="643" Y1="626" X2="800" Y2="626"/>
        <dgm:baseColor r="153" g="153" b="153"/>
        <dgm:selectedColor r="49" g="106" b="196"/>
    </dgm:gWireLink>
    <dgm:gWireLink source="InboundBatchFileAdapter/ReadFTAMetaFile" target="ReadFTAMetaFile" width="2">
        <dgm:gSegment X1="559" Y1="631" X2="628" Y2="631"/>
        <dgm:gSegment X1="628" Y1="631" X2="628" Y2="744"/>
        <dgm:gSegment X1="628" Y1="744" X2="800" Y2="744"/>
        <dgm:baseColor r="153" g="153" b="153"/>
        <dgm:selectedColor r="49" g="106" b="196"/>
    </dgm:gWireLink>
    <dgm:gWireLink source="InboundBatchFileAdapter/ArchFTAMetaFile" target="ArchFTAMetaFile" width="2">
        <dgm:gSegment X1="559" Y1="656" X2="613" Y2="656"/>
        <dgm:gSegment X1="613" Y1="656" X2="613" Y2="862"/>
        <dgm:gSegment X1="613" Y1="862" X2="800" Y2="862"/>
        <dgm:baseColor r="153" g="153" b="153"/>
        <dgm:selectedColor r="49" g="106" b="196"/>
    </dgm:gWireLink>
    <dgm:gWireLink source="InboundBatchFileAdapter/WriteToDB" target="WriteToDB" width="2">
        <dgm:gSegment X1="559" Y1="681" X2="598" Y2="681"/>
        <dgm:gSegment X1="598" Y1="681" X2="598" Y2="980"/>
        <dgm:gSegment X1="598" Y1="980" X2="800" Y2="980"/>
        <dgm:baseColor r="153" g="153" b="153"/>
        <dgm:selectedColor r="49" g="106" b="196"/>
    </dgm:gWireLink>
    <dgm:gWireLink source="PollNewFiles" target="InboundBatchFileAdapter/PollNewFiles" width="2">
        <dgm:gSegment X1="168" Y1="481" X2="409" Y2="481"/>
        <dgm:baseColor r="153" g="153" b="153"/>
        <dgm:selectedColor r="49" g="106" b="196"/>
    </dgm:gWireLink>
    <dgm:gWireLink source="PollCACHFiles" target="InboundBatchFileAdapter/PollCACHFiles" width="2">
        <dgm:gSegment X1="168" Y1="626" X2="192" Y2="626"/>
        <dgm:gSegment X1="192" Y1="626" X2="192" Y2="506"/>
        <dgm:gSegment X1="192" Y1="506" X2="409" Y2="506"/>
        <dgm:baseColor r="153" g="153" b="153"/>
        <dgm:selectedColor r="49" g="106" b="196"/>
    </dgm:gWireLink>
    <dgm:gWireLink source="InboundBatchFileAdapter/SVCMonitoring" target="SVCMonitoring" width="2">
        <dgm:gSegment X1="559" Y1="706" X2="583" Y2="706"/>
        <dgm:gSegment X1="583" Y1="706" X2="583" Y2="1098"/>
        <dgm:gSegment X1="583" Y1="1098" X2="800" Y2="1098"/>
        <dgm:baseColor r="153" g="153" b="153"/>
        <dgm:selectedColor r="49" g="106" b="196"/>
    </dgm:gWireLink>
</dgm:gDiagram>