<?xml version="1.0" encoding="UTF-8" ?>
<!-- Generated by Oracle SOA Modeler version 12.2.1.0.0.151013 at [9/29/16 2:29 PM]. -->
<composite name="Outbound27xBatchFileAdapter"
           revision="1.0"
           label="2016-09-29_14-29-40_484"
           mode="active"
           state="on"
           xmlns="http://xmlns.oracle.com/sca/1.0"
           xmlns:xs="http://www.w3.org/2001/XMLSchema"
           xmlns:wsp="http://schemas.xmlsoap.org/ws/2004/09/policy"
           xmlns:orawsp="http://schemas.oracle.com/ws/2006/01/policy"
           xmlns:ui="http://xmlns.oracle.com/soa/designer/"
           xmlns:sca-ext="http://xmlns.oracle.com/sca/1.0-ext">
  <import namespace="http://hphc.org/OutboundBatchFileAdapter/wsdl/PollXEOutbound"
          location="WSDLs/PollXEOutbound.wsdl" importType="wsdl"/>
  <import namespace="http://hphc.org/OutboundBatchFileAdapter/wsdl/GetDBData"
          location="WSDLs/GetDBData.wsdl" importType="wsdl"/>
  <import namespace="http://hphc.org/OutboundBatchFileAdapter/wsdl/WriteBusinessArc"
          location="WSDLs/WriteBusinessArc.wsdl" importType="wsdl"/>
  <import namespace="http://hphc.org/OutboundBatchFileAdapter/wsdl/WriteFromHphc"
          location="WSDLs/WriteFromHphc.wsdl" importType="wsdl"/>
  <import namespace="http://xmlns.oracle.com/pcbpel/adapter/file/EDI27X/Outbound27xBatchFileAdapter/WriteFTAXMLFromHphhc"
          location="WSDLs/WriteFTAXMLFromHphhc.wsdl" importType="wsdl"/>
  <import namespace="http://hphc.org/OutboundBatchFileAdapter/wsdl/ListFromHpHcFiles"
          location="WSDLs/ListFromHpHcFiles.wsdl" importType="wsdl"/>
  <import namespace="http://xmlns.oracle.com/pcbpel/adapter/db/EDI27X/Outbound27xBatchFileAdapter/UpdateDBData"
          location="WSDLs/UpdateDBData.wsdl" importType="wsdl"/>
  <import namespace="http://hphc.org/common/wsdl/ServiceMonitor/V1" location="oramds:/apps/hphc/common/WSDLs/ServiceMonitorWrapper_1.0.wsdl"
          importType="wsdl"/>
  <import namespace="http://hphc.org/common/wsdl/ServiceMonitor/V1" location="WSDLs/ServiceMonitoringWrapper.wsdl"
          importType="wsdl"/>
  <import namespace="http://hphc.org/OutboundBatchFileAdapter/wsdl/RejectResponseFiles"
          location="WSDLs/RejectResponseFiles.wsdl" importType="wsdl"/>
  <service name="PollXEOutbound" ui:wsdlLocation="WSDLs/PollXEOutbound.wsdl">
    <interface.wsdl interface="http://hphc.org/OutboundBatchFileAdapter/wsdl/PollXEOutbound#wsdl.interface(Read_ptt)"/>
    <binding.jca config="Adapters/PollXEOutbound_file.jca">
      <property name="useRejectedMessageRecovery" type="xs:string" many="false" override="may">true</property>
    </binding.jca>
	<property name="OUT_DIR_277" type="xs:string" many="false" override="may">/data/edi_staging/27XBatch/outboundFileConnector/277</property>
    <property name="ARC_27X" type="xs:string" many="false" override="may">/data/edi_staging/27XBatch/outboundFileConnector/archive</property>
    <property name="OUT_DIR_271" type="xs:string" many="false" override="may">/data/edi_staging/27XBatch/outboundFileConnector/271</property>
    <property name="ACK_DIR_TA1_999" type="xs:string" many="false" override="may">/data/edi_staging/27XBatch/outboundFileConnector/Acks</property>
  </service>
  <property name="productVersion" type="xs:string" many="false">12.2.1.0.0.151013</property>
  <property name="compositeID" type="xs:string" many="false">dcbe9f14-fb37-49a3-ad15-538cc28dd04c</property>
  <component name="OutboundBatchFileAdapter" version="2.0">
    <implementation.bpel src="BPEL/OutboundBatchFileAdapter.bpel"/>
    <componentType>
      <service name="PollXEOutbound" ui:wsdlLocation="WSDLs/PollXEOutbound.wsdl">
        <interface.wsdl interface="http://hphc.org/OutboundBatchFileAdapter/wsdl/PollXEOutbound#wsdl.interface(Read_ptt)"/>
      </service>
      <reference name="GetDBData" ui:wsdlLocation="WSDLs/GetDBData.wsdl">
        <interface.wsdl interface="http://hphc.org/OutboundBatchFileAdapter/wsdl/GetDBData#wsdl.interface(GetDBData_ptt)"/>
      </reference>
      <reference name="WriteBusinessArc" ui:wsdlLocation="WSDLs/WriteBusinessArc.wsdl">
        <interface.wsdl interface="http://hphc.org/OutboundBatchFileAdapter/wsdl/WriteBusinessArc#wsdl.interface(Write_ptt)"/>
      </reference>
      <reference name="WriteFromHphc" ui:wsdlLocation="WSDLs/WriteFromHphc.wsdl">
        <interface.wsdl interface="http://hphc.org/OutboundBatchFileAdapter/wsdl/WriteFromHphc#wsdl.interface(Write_ptt)"/>
      </reference>
      <reference name="WriteFTAXMLFromHphhc" ui:wsdlLocation="WSDLs/WriteFTAXMLFromHphhc.wsdl">
        <interface.wsdl interface="http://xmlns.oracle.com/pcbpel/adapter/file/EDI27X/Outbound27xBatchFileAdapter/WriteFTAXMLFromHphhc#wsdl.interface(Write_ptt)"/>
      </reference>
	  <reference name="ListFromHpHcFiles" ui:wsdlLocation="WSDLs/ListFromHpHcFiles.wsdl">
        <interface.wsdl interface="http://hphc.org/OutboundBatchFileAdapter/wsdl/ListFromHpHcFiles#wsdl.interface(FileListing_ptt)"/>
      </reference>
	  <reference name="UpdateDBData" ui:wsdlLocation="WSDLs/UpdateDBData.wsdl">
        <interface.wsdl interface="http://xmlns.oracle.com/pcbpel/adapter/db/EDI27X/Outbound27xBatchFileAdapter/UpdateDBData#wsdl.interface(UpdateDBData_ptt)"/>
      </reference>
	  <reference name="SVCMonitorLog" ui:wsdlLocation="WSDLs/ServiceMonitoringWrapper.wsdl">
        <interface.wsdl interface="http://hphc.org/common/wsdl/ServiceMonitor/V1#wsdl.interface(ServiceMonitoringPort)"/>
      </reference>
      <reference name="RejectResponseFiles" ui:wsdlLocation="WSDLs/RejectResponseFiles.wsdl">
        <interface.wsdl interface="http://hphc.org/OutboundBatchFileAdapter/wsdl/RejectResponseFiles#wsdl.interface(Write_ptt)"/>
      </reference>   
   </componentType>
    <property name="bpel.config.transaction" type="xs:string" many="false">notSupported</property>
    <property name="bpel.config.oneWayDeliveryPolicy" type="xs:string" many="false">async.persist</property>
	<property name="bpel.config.auditLevel">Development</property>
  </component>
  <reference name="GetDBData" ui:wsdlLocation="WSDLs/GetDBData.wsdl">
    <interface.wsdl interface="http://hphc.org/OutboundBatchFileAdapter/wsdl/GetDBData#wsdl.interface(GetDBData_ptt)"/>
    <binding.jca config="Adapters/GetDBData_db.jca"/>
    <property name="jca.retry.count" type="xs:int" many="false" override="may">4</property>
    <property name="jca.retry.interval" type="xs:int" many="false" override="may">1</property>
    <property name="jca.retry.backoff" type="xs:int" many="false" override="may">2</property>
    <property name="jca.retry.maxInterval" type="xs:int" many="false" override="may">120</property>
  </reference>
  <reference name="WriteBusinessArc" ui:wsdlLocation="WSDLs/WriteBusinessArc.wsdl">
    <interface.wsdl interface="http://hphc.org/OutboundBatchFileAdapter/wsdl/WriteBusinessArc#wsdl.interface(Write_ptt)"/>
    <binding.jca config="Adapters/WriteBusinessArc_file.jca"/>
    <property name="BIZ_DIR" type="xs:string" many="false" override="may">/data/edi_staging/27XBatch/outboundFileConnector</property>
  </reference>
  <reference name="WriteFromHphc" ui:wsdlLocation="WSDLs/WriteFromHphc.wsdl">
    <interface.wsdl interface="http://hphc.org/OutboundBatchFileAdapter/wsdl/WriteFromHphc#wsdl.interface(Write_ptt)"/>
    <binding.jca config="Adapters/WriteFromHphc_file.jca"/>
    <property name="FROM_HPHC" type="xs:string" many="false" override="may">/data/edi_staging/27XBatch/outboundFileConnector</property>
  </reference>
  <reference name="WriteFTAXMLFromHphhc" ui:wsdlLocation="WSDLs/WriteFTAXMLFromHphhc.wsdl">
    <interface.wsdl interface="http://xmlns.oracle.com/pcbpel/adapter/file/EDI27X/Outbound27xBatchFileAdapter/WriteFTAXMLFromHphhc#wsdl.interface(Write_ptt)"/>
    <binding.jca config="Adapters/WriteFTAXMLFromHphhc_file.jca"/>
    <property name="FTA_XML" type="xs:string" many="false" override="may">/data/edi_staging/27XBatch/outboundFileConnector</property>
  </reference>
   <reference name="ListFromHpHcFiles" ui:wsdlLocation="WSDLs/ListFromHpHcFiles.wsdl">
    <interface.wsdl interface="http://hphc.org/OutboundBatchFileAdapter/wsdl/ListFromHpHcFiles#wsdl.interface(FileListing_ptt)"/>
    <binding.jca config="Adapters/ListFromHpHcFiles_file.jca"/>
    <property name="LIST" type="xs:string" many="false" override="may">/data/edi_staging/27XBatch/outboundFileConnector</property>
  </reference>
  <reference name="UpdateDBData" ui:wsdlLocation="WSDLs/UpdateDBData.wsdl">
    <interface.wsdl interface="http://xmlns.oracle.com/pcbpel/adapter/db/EDI27X/Outbound27xBatchFileAdapter/UpdateDBData#wsdl.interface(UpdateDBData_ptt)"/>
    <binding.jca config="Adapters/UpdateDBData_db.jca"/>
    <property name="jca.retry.count" type="xs:int" many="false" override="may">4</property>
    <property name="jca.retry.interval" type="xs:int" many="false" override="may">1</property>
    <property name="jca.retry.backoff" type="xs:int" many="false" override="may">2</property>
    <property name="jca.retry.maxInterval" type="xs:int" many="false" override="may">120</property>
  </reference>
  <reference name="SVCMonitorLog" ui:wsdlLocation="oramds:/apps/hphc/common/WSDLs/ServiceMonitorWrapper_1.0.wsdl">
    <interface.wsdl interface="http://hphc.org/common/wsdl/ServiceMonitor/V1#wsdl.interface(ServiceMonitoringPort)"/>
    <binding.ws port="http://hphc.org/common/wsdl/ServiceMonitor/V1#wsdl.endpoint(ServiceMonitoringBindingQSService/ServiceMonitoringBindingQSPort)"
                location="oramds:/apps/hphc/common/WSDLs/ServiceMonitorWrapper_1.0.wsdl"
                soapVersion="1.1">
      <property name="weblogic.wsee.wsat.transaction.flowOption" type="xs:string" many="false">WSDLDriven</property>
    </binding.ws>
  </reference>
  <reference name="RejectResponseFiles" ui:wsdlLocation="WSDLs/RejectResponseFiles.wsdl">
    <interface.wsdl interface="http://hphc.org/OutboundBatchFileAdapter/wsdl/RejectResponseFiles#wsdl.interface(Write_ptt)"/>
    <binding.jca config="Adapters/RejectResponseFiles_file.jca"/>
    <property name="REJECT_DIR" type="xs:string" many="false" override="may">/data/edi_staging/27XBatch/outboundFileConnector</property>
  </reference>
  <wire>
    <source.uri>PollXEOutbound</source.uri>
    <target.uri>OutboundBatchFileAdapter/PollXEOutbound</target.uri>
  </wire>
  <wire>
    <source.uri>OutboundBatchFileAdapter/GetDBData</source.uri>
    <target.uri>GetDBData</target.uri>
  </wire>
  <wire>
    <source.uri>OutboundBatchFileAdapter/WriteBusinessArc</source.uri>
    <target.uri>WriteBusinessArc</target.uri>
  </wire>
  <wire>
    <source.uri>OutboundBatchFileAdapter/WriteFromHphc</source.uri>
    <target.uri>WriteFromHphc</target.uri>
  </wire>
  <wire>
    <source.uri>OutboundBatchFileAdapter/WriteFTAXMLFromHphhc</source.uri>
    <target.uri>WriteFTAXMLFromHphhc</target.uri>    
  </wire>
  <wire>
    <source.uri>OutboundBatchFileAdapter/ListFromHpHcFiles</source.uri>
    <target.uri>ListFromHpHcFiles</target.uri>
  </wire>
  <wire>
    <source.uri>OutboundBatchFileAdapter/UpdateDBData</source.uri>
    <target.uri>UpdateDBData</target.uri>
  </wire>
  <wire>    
	<source.uri>OutboundBatchFileAdapter/SVCMonitorLog</source.uri>
    <target.uri>SVCMonitorLog</target.uri>
  </wire>
  <wire>
	<source.uri>OutboundBatchFileAdapter/RejectResponseFiles</source.uri>
    <target.uri>RejectResponseFiles</target.uri>
  </wire>
</composite>
